,AKOS.smile,CID,CanonicalSMILES,density.g.cm3,MW,AKOS,quantity (g),stored,,,
317,OC(=O)CCCCCCC(=O)O,10457,C(CCCC(=O)O)CCC(=O)O,,174.196,119018,0.01020,,,,
61,CC1CCC(C(C1)O)C(C)C,1254,CC1CCC(C(C1)O)C(C)C,0.904,156.269,119740,0.01010,,,,
213,CCOC(=O)c1ccccc1C(=O)OCC,6781,CCOC(=O)C1=CC=CC=C1C(=O)OCC,1.12,222.24,119867,did not pass QC,do not have,,,
318,OC(=O)CCCCCCCCC(=O)O,5192,C(CCCCC(=O)O)CCCC(=O)O,1.2,202.25,120056,0.01020,,,,
356,OC1CCC(CC1)C(C)(C)C,7391,CC(C)(C)C1CCC(CC1)O,,156.269,120382,0.01020,,,,
310,O=C1OCc2c1cccc2,6885,C1C2=CC=CC=C2C(=O)O1,,134.134,121167,0.01020,,,,
414,OCCOC(=O)c1ccccc1,66747,C1=CC=C(C=C1)C(=O)OCCO,,166.176,125630,0.01020,,,,
73,CCC(C1CCC(CC1)O)(C)C,79302,CCC(C)(C)C1CCC(CC1)O,,170.296,249586,0.01000,,,,
309,O=C1OCc2c(c3c1cccc3)cccc2,4613402,C1C2=CC=CC=C2C3=CC=CC=C3C(=O)O1,,210.232,276674,,,,,
150,CCCCCCCCCCC(=O)O,8180,CCCCCCCCCCC(=O)O,0.891,186.295,276906,,,,,
384,OCC1(C)CCCCC1,1501840,CC1(CCCCC1)CO,,128.215,282608,,,,,
256,COC(=O)c1ccc(cc1)F,67878,COC(=O)C1=CC=C(C=C1)F,,154.14,295905,0.01000,,,,
306,O=C1O/C(=C\c2ccccc2)/c2c1cccc2,642371,C1=CC=C(C=C1)C=C2C3=CC=CC=C3C(=O)O2,,222.243,567737,0.01010,,,,
386,OCC12CC3CC(C2)(CC(C1)(C3)C)C,4050097,CC12CC3CC(C1)(CC(C3)(C2)CO)C,,194.318,1056900,0.01000,,,,
143,CCCCCCCC1CCC(=O)O1,7714,CCCCCCCC1CCC(=O)O1,,184.279,1076126,0.01010,,,,
308,O=C1OC(Cc2c1cccc2)c1ccccc1,263144,C1C(OC(=O)C2=CC=CC=C21)C3=CC=CC=C3,,224.259,1145957,0.01240,,,,
265,COC(=O)c1ccccc1F,67854,COC(=O)C1=CC=CC=C1F,,154.14,1428541,0.01000,,,,
250,COC(=O)c1ccc(cc1)c1ccc(cc1)C(=O)OC,13099,COC(=O)C1=CC=C(C=C1)C2=CC=C(C=C2)C(=O)OC,,270.284,1588888,0.01000,,,,
276,N#Cc1ccc(cc1)C(=O)OCc1ccccc1,582534,C1=CC=C(C=C1)COC(=O)C2=CC=C(C=C2)C#N,,237.258,2474881,0.01030,,,,
258,COC(=O)c1cccc(c1)c1cccc(c1)C,1392448,CC1=CC=CC(=C1)C2=CC(=CC=C2)C(=O)OC,,226.275,2678385,0.01000,,,,
252,COC(=O)c1ccc(cc1)c1cccc(c1)C,1393157,CC1=CC=CC(=C1)C2=CC=C(C=C2)C(=O)OC,,226.275,2678682,,,,,
249,COC(=O)c1ccc(cc1)c1ccc(cc1)C,170805,CC1=CC=C(C=C1)C2=CC=C(C=C2)C(=O)OC,,226.275,2679543,0.01000,,,,
257,COC(=O)c1cccc(c1)c1ccc(cc1)C,1394187,CC1=CC=C(C=C1)C2=CC(=CC=C2)C(=O)OC,,226.275,2679583,0.01000,,,,
289,O[C@H]1CCC2[C@]1(C)CCC1C2CC[C@@H]2[C@]1(C)CCCC2,2754189,CC12CCCCC1CCC3C2CCC4(C3CCC4O)C,,276.464,2705556,0.01270,,,,
292,O=C(c1ccc(cc1)C)OC(=O)c1ccc(cc1)C,139413,CC1=CC=C(C=C1)C(=O)OC(=O)C2=CC=C(C=C2)C,,254.285,3273125,,,,,
269,COC(=O)CCCCCCCC(=O)O,75009,COC(=O)CCCCCCCC(=O)O,,202.25,3382269,,,,,
180,CCOC(=O)C(C(C(C(C(C(F)F)(F)F)(F)F)(F)F)(F)F)(F)F,2737218,CCOC(=O)C(C(C(C(C(C(F)F)(F)F)(F)F)(F)F)(F)F)(F)F,,374.126,3789060,,,,,
260,COC(=O)c1ccccc1c1ccc(cc1)C=O,4325150,COC(=O)C1=CC=CC=C1C2=CC=C(C=C2)C=O,,240.258,4113749,,,,,
176,CCCOC(=O)c1cccc(c1)B(O)O,23005363,B(C1=CC(=CC=C1)C(=O)OCCC)(O)O,,208.02,4113801,0.01000,fridge,,,
175,CCCOC(=O)c1ccc(cc1)B(O)O,23005364,B(C1=CC=C(C=C1)C(=O)OCCC)(O)O,,208.02,4113802,0.01000,,,,
263,COC(=O)c1ccccc1c1ccccc1C=O,329746,COC(=O)C1=CC=CC=C1C2=CC=CC=C2C=O,,240.258,4113810,,,,,
254,COC(=O)c1ccc(cc1)c1ccccc1C=O,4112125,COC(=O)C1=CC=C(C=C1)C2=CC=CC=C2C=O,,240.258,4113834,0.01000,,,,
251,COC(=O)c1ccc(cc1)c1ccc(cc1)C=O,4321323,COC(=O)C1=CC=C(C=C1)C2=CC=C(C=C2)C=O,,240.258,4114082,,,,,
253,COC(=O)c1ccc(cc1)c1cccc(c1)C=O,4321386,COC(=O)C1=CC=C(C=C1)C2=CC(=CC=C2)C=O,,240.258,4114083,,,,,
261,COC(=O)c1ccccc1c1cccc(c1)C,1392926,CC1=CC=CC(=C1)C2=CC=CC=C2C(=O)OC,,226.275,4114763,0.01000,,,,
259,COC(=O)c1ccccc1c1ccc(cc1)C,1393873,CC1=CC=C(C=C1)C2=CC=CC=C2C(=O)OC,,226.275,4114791,0.01000,,,,
37,CC(C1(O)C2CC3CC1CC(C2)C3)C,22042514,CC(C)C1(C2CC3CC(C2)CC1C3)O,,194.318,4120362,,,,,
303,O=C(c1ccccc1)OCCc1ccc(cc1)CCOC(=O)c1ccccc1,2749143,C1=CC=C(C=C1)C(=O)OCCC2=CC=C(C=C2)CCOC(=O)C3=CC=CC=C3,,374.436,4900825,0.00520,,,,
375,OCC(C(C)C)CCC(C(C(C)C)O)(O)C,2750563,CC(C)C(CCC(C)(C(C(C)C)O)O)CO,,232.364,4901121,0.01090,,,,
35,CC(=O)OC(c1ccccc1)CCC(=O)c1ccccc1,2752851,CC(=O)OC(CCC(=O)C1=CC=CC=C1)C2=CC=CC=C2,,282.339,4901905,0.01020,,,,
288,O[C@H]1CC[C@]2([C@H](C1)CCC1C2CC[C@]2(C1CCC2)C)C,2754138,CC12CCCC1C3CCC4CC(CCC4(C3CC2)C)O,,276.464,4902137,0.01200,,,,
326,OC(C1CCCC=C1)C(C)C,2754970,CC(C)C(C1CCCC=C1)O,,154.253,4902614,"not shipped, structure altered",do not have,,,
282,O[C@@H]1CCC=C([C@H]([C@H]1C)O)C,2755158,CC1C(CCC=C(C1O)C)O,,156.225,4902637,,,,,
283,O[C@@H]1CCC=C[C@H](C1(C)C)O,2755159,CC1(C(CCC=CC1O)O)C,,156.225,4902645,0.01040,,,,
31,CC([C@H]1CCCC[C@@H]1O)C,2747987,CC(C)C1CCCCC1O,,142.242,4903434,0.01250,,,,
400,OCCCC(C1CCC2C1(C)CCC1C2CCC2C1(C)CCCC2)C,612593,CC(CCCO)C1CCC2C1(CCC3C2CCC4C3(CCCC4)C)C,,346.599,4903439,0.01430,,,,
364,OC1CCC2(C(C1)CCC1C2CCC2(C1CCC2O)C)C,11301,CC12CCC(CC1CCC3C2CCC4(C3CCC4O)C)O,,292.463,4903575,0.01420,,,,
353,OC1CC[C@@]2(C1(C)CCC1C2CC[C@@]2(C1(C)CCCC2)C)C,2748126,CC12CCCCC1(C3CCC4(C(CCC4(C3CC2)C)O)C)C,,304.518,4903604,0.01290,,,,
361,OC1CCC2([C@@](C1)(C)CCC1C2CCC2(C1CCC2)C)C,2748131,CC12CCCC1C3CCC4(CC(CCC4(C3CC2)C)O)C,,290.491,4903627,0.01990,,,,
363,OC1CCC2(C(C1)CCC1C2CCC2(C1CCC2C(O)C)C)C,4901,CC(C1CCC2C1(CCC3C2CCC4C3(CCC(C4)O)C)C)O,,320.517,4903632,0.01120,,,,
286,O[C@@H]1CCC2(C(C1)(C)CCC1C2CCC2(C1CC[C@]2(O)C(O)C)C)C,2748166,CC(C1(CCC2C1(CCC3C2CCC4(C3(CCC(C4)O)C)C)C)O)O,,350.543,4903645,0.01110,,,,
285,O[C@@H]1CCC2(C(C1)(C)CCC1C2CCC2(C1C[C@](C2)(O)C(O)C)C)C,2748135,CC(C1(CC2C3CCC4(CC(CCC4(C3CCC2(C1)C)C)O)C)O)O,,350.543,4903649,0.01080,,,,
284,O[C@@H]1CCC2([C@@H](C1)CCC1C2CCC2([C@H]1CC[C@]2(C)O)C)C,2748136,CC12CCC(CC1CCC3C2CCC4(C3CCC4(C)O)C)O,,306.49,4903650,0.01360,,,,
367,OC1CCC2C1(C)CCC1C2CCC2C1(C)CCCC2,623919,CC12CCCCC1CCC3C2CCC4(C3CCC4O)C,,276.464,4903651,0.01410,,,,
50,CC[C@]1(O)CCC2([C@@](C1)(C)CCC1C2CCC2(C1CCC2O)C)C,2748170,CCC1(CCC2(C3CCC4(C(C3CCC2(C1)C)CCC4O)C)C)O,,334.544,4903668,0.01090,,,,
360,OC1CCC2([C@@](C1)(C)CCC1C2CCC2(C1CCC2(O)C(O)C)C)C,2748240,CC(C1(CCC2C1(CCC3C2CCC4(C3(CCC(C4)O)C)C)C)O)O,,350.543,4903788,0.01130,,,,
362,OC1CCC2(C(C1)CCC1C2CCC2(C1CC[C@@]2(O)C(O)C)C)C,2748241,CC(C1(CCC2C1(CCC3C2CCC4C3(CCC(C4)O)C)C)O)O,,336.516,4903793,0.01050,,,,
74,CCC(C1CCCCC1)(C(CCC)O)O,2749621,CCCC(C(CC)(C1CCCCC1)O)O,,214.349,4905073,0.01300,,,,
398,OCCC1C(O)C2(C(C1CC2)(C)C)C,2750154,CC1(C2CCC1(C(C2CCO)O)C)C,,198.306,4905463,0.01160,,,,
305,O=C(CCc1ccccc1)/C=C/OC(=O)c1ccccc1,5705114,C1=CC=C(C=C1)CCC(=O)C=COC(=O)C2=CC=CC=C2,,280.323,4905600,,,,,
388,OCC1C(C)CCC(C1=O)C(C)C,2750470,CC1CCC(C(=O)C1CO)C(C)C,,184.279,4905651,0.01680,,,,
46,CC(CCOC(=O)c1ccccc1)CCCC(=C)C,112051,CC(CCCC(=C)C)CCOC(=O)C1=CC=CC=C1,,260.377,4905707,0.01370,,,,
298,O=C(c1ccccc1)OC/C=C/c1ccccc1,5705112,C1=CC=C(C=C1)C=CCOC(=O)C2=CC=CC=C2,,238.286,4905721,0.01420,,,,
302,O=C(c1ccccc1)OCCC(c1ccccc1)OC(=O)c1ccccc1,2750414,C1=CC=C(C=C1)C(CCOC(=O)C2=CC=CC=C2)OC(=O)C3=CC=CC=C3,,360.409,4905729,0.01310,,,,
376,OCC(C1(C)CCC(C1(C)C)C)O,2750747,CC1CCC(C1(C)C)(C)C(CO)O,,186.295,4905936,0.01460,,,,
389,OCC1C(CCC(C1=O)C)C(C)C,2750703,CC1CCC(C(C1=O)CO)C(C)C,,184.279,4905948,0.01940,,,,
383,OCC1(C)CCC(C1(C)C)C,2750726,CC1CCC(C1(C)C)(C)CO,,156.269,4906034,0.01240,,,,
80,CCC1(O)CCCC(C1)C,2750694,CCC1(CCCC(C1)C)O,,142.242,4906078,0.01740,,,,
79,CCC1(O)CC(CCC1C)C(C)C,2750695,CCC1(CC(CCC1C)C(C)C)O,,184.323,4906087,0.01600,,,,
38,CC(C1CCC(C(C1)O)C)C,86850,CC1CCC(CC1O)C(C)C,,156.269,4906088,0.01470,,,,
390,OCC1CC2(C(C1CC2)(C)C)C,2750898,CC1(C2CCC1(CC2CO)C)C,,168.28,4906174,,,,,
17,C/C(=C\C=C)/CO,5705553,CC(=CC=C)CO,,98.145,4907369,"not shipped, structure altered",do not have,,,
307,O=C1OC(/C=C/c2ccccc2)Cc2c1cccc2,5705611,C1C(OC(=O)C2=CC=CC=C21)C=CC3=CC=CC=C3,,250.297,4907614,0.01180,,,,
41,CC(CCC[C@@H]([C@H]1CCC2[C@]1(C)CCC1C2CC[C@@H]2[C@]1(C)CC[C@@H](C2)O)C)C,2754261,CC(C)CCCC(C)C1CCC2C1(CCC3C2CCC4C3(CCC(C4)O)C)C,,388.68,4909035,0.01500,,,,
85,CCCC(C(C(O)C)C)O,248872,CCCC(C(C)C(C)O)O,,146.23,4909536,0.01250,,,,
381,OCC=CC#CCC,2755044,CCC#CC=CCO,,110.156,4909686,0.01050,,,,
57,CC1=CCC[C@H](C([C@@H]1O)(C)C)O,2755160,CC1=CCCC(C(C1O)(C)C)O,,170.252,4909714,0.01360,,,,
153,CCCCCCCCCCCC(=O)OC,8139,CCCCCCCCCCCC(=O)OC,,214.349,4910323,0.01530,,,,
158,CCCCCCCCCCCCCC(=O)OC,31284,CCCCCCCCCCCCCC(=O)OC,,242.403,4910358,0.01760,,,,
162,CCCCCCCCCCCCCCCC(=O)OCC,12366,CCCCCCCCCCCCCCCC(=O)OCC,,284.484,4910397,0.01210,,,,
212,CCOC(=O)c1ccccc1C(=O)C,2799640,CCOC(=O)C1=CC=CC=C1C(=O)C,,192.214,5070770,0.01000,,,,
243,COC(=O)/C=C/OC(=O)c1ccc(cc1)C,5910650,CC1=CC=C(C=C1)C(=O)OC=CC(=O)OC,,220.224,5093990,0.01000,,,,
241,ClCCOC(=O)c1ccccc1,95952,C1=CC=C(C=C1)C(=O)OCCCl,,184.619,5198580,0.01020,,,,
188,CCOC(=O)c1ccc(cc1)C,66743,CCOC(=O)C1=CC=C(C=C1)C,,164.204,5198691,0.01000,,,,
7,BrCCOC(=O)c1ccccc1,523090,C1=CC=C(C=C1)C(=O)OCCBr,,229.073,5203196,0.01000,fridge,,,
399,OCCC1CCCCC1,20508,C1CCC(CC1)CCO,,128.215,5207193,0.01020,,,,
262,COC(=O)c1ccccc1c1ccccc1,9920766,COC(=O)C1=CC=CC=C1C2=CC=CC=C2,,212.248,5216884,,,,,
222,CCOC(=O)CCC(CCC(=O)OCC)F,28306167,CCOC(=O)CCC(CCC(=O)OCC)F,,234.267,5254800,,,,,
6,BrCCCCCCCCCCCCCCCC(=O)OC,2736822,COC(=O)CCCCCCCCCCCCCCCBr,,349.353,5254954,,,,,
277,O[C@@H]1C[C@@H]2C[C@H]([C@]1(C)O)C2(C)C,10219606,CC1(C2CC1C(C(C2)O)(C)O)C,,170.252,5256255,0.01000,fridge,,,
295,O=C(c1cccc(c1)C(F)(F)F)OC(=O)c1cccc(c1)C(F)(F)F,599431,C1=CC(=CC(=C1)C(F)(F)F)C(=O)OC(=O)C2=CC(=CC=C2)C(F)(F)F,,362.227,5256936,,,,,
205,CCOC(=O)c1cccc(c1)C(F)(F)F,144790,CCOC(=O)C1=CC(=CC=C1)C(F)(F)F,,218.175,5257791,0.01000,,,,
203,CCOC(=O)c1ccc(cc1)I,142891,CCOC(=O)C1=CC=C(C=C1)I,,276.073,5258847,0.01000,,,,
320,OC(=O)CCCCCCCCCCCC(=O)O,10458,C(CCCCCC(=O)O)CCCCCC(=O)O,,244.331,5381208,0.01020,,,,
126,CCCCCC/C=C/C(=O)OC,5368076,CCCCCCC=CC(=O)OC,,170.252,5381295,did not pass QC,do not have,,,
411,OCCCCCCCCCCC(=O)O,77237,C(CCCCCO)CCCCC(=O)O,,202.294,5394200,0.01010,,,,
45,CC(CCOC(=O)c1ccccc1)C,7193,CC(C)CCOC(=O)C1=CC=CC=C1,,192.258,5720808,did not pass QC,do not have,,,
112,CCCCC/C=C\C,5356796,CCCCCC=CC,,112.216,6228003,,,,,
91,CCCC/C=C\CCCC,5364449,CCCCC=CCCCC,,140.27,6228218,0.01610,,,,
377,OCC(C1CCCCC1)C,79509,CC(CO)C1CCCCC1,,142.242,6228465,0.01000,,,,
236,CCOC(=O)CCCCCC(=O)O,118383,CCOC(=O)CCCCCC(=O)O,,188.223,6228602,,,,,
117,CCCCc1ccc(cc1)C(=O)OC,88630,CCCCC1=CC=C(C=C1)C(=O)OC,,192.258,6229551,0.01000,,,,
60,CC1CCC(C(C1)O)C,97959,CC1CCC(C(C1)O)C,,128.215,6229596,0.01030,,,,
18,C/C=C\CCCO,5365589,CC=CCCCO,,100.161,6230030,,,,,
125,CCCCCC/C=C/C(=O)O,5312586,CCCCCCC=CC(=O)O,,156.225,6230171,0.01000,fridge,,,
287,O[C@@H]1CCCC[C@H]1C(C)(C)C,6995537,CC(C)(C)C1CCCCC1O,,156.269,6237378,,,,,
196,CCOC(=O)c1ccc(cc1)C=O,80498,CCOC(=O)C1=CC=C(C=C1)C=O,,178.187,6240956,,,,,
214,CCOC(=O)c1ccccc1C=O,10943020,CCOC(=O)C1=CC=CC=C1C=O,,178.187,6242421,,,,,
314,O=CCCCCCC(=O)OC,3015770,COC(=O)CCCCCC=O,,158.197,6272656,,,,,
21,C=CC(=C)C[C@@H](C=C(C)C)O,92301,CC(=CC(CC(=C)C=C)O)C,,152.237,6272671,,,,,
68,CCC(/C=C/C=O)O,5283314,CCC(C=CC=O)O,,114.144,6273451,,,,,
,,,,,,6274124,0.01000,analogue for cancelled one,,,
32,CC(/C=C/C(O)(C)C)(O)C,5875483,CC(C)(C=CC(C)(C)O)O,,144.214,6274274,,,,,
16,C/C(=C\C)/CO,6433417,CC=C(C)CO,,86.134,6274657,,,,,
350,OC1[C@H]2C[C@@H]3C[C@H]1C[C@@](C2)(C3)O,6925928,C1C2CC3CC(C2)(CC1C3O)O,,168.236,6275755,,,,,
26,C=CCc1ccccc1C(=O)OCC,9920599,CCOC(=O)C1=CC=CC=C1CC=C,,190.242,6275879,,,,,
25,C=CCc1cccc(c1)C(=O)OCC,12070479,CCOC(=O)C1=CC(=CC=C1)CC=C,,190.242,6275880,,,,,
199,CCOC(=O)c1ccc(cc1)CC=C,11263974,CCOC(=O)C1=CC=C(C=C1)CC=C,,190.242,6275881,,,,,
104,CCCCC(CCC(=O)OCC)C,92058,CCCCC(C)CCC(=O)OCC,,186.295,6276325,,,,,
70,CCC(=O)CCCCCC(=O)O,545982,CCC(=O)CCCCCC(=O)O,,172.224,6277607,,,,,
101,CCCCC(=O)CCCCC(=O)O,5282983,CCCCC(=O)CCCCC(=O)O,,186.251,6277609,,,,,
82,CCCC(=O)CCCCC(=O)O,5282981,CCCC(=O)CCCCC(=O)O,,172.224,6277890,,,,,
83,CCCC(=O)CCCCCC(=O)O,5312882,CCCC(=O)CCCCCC(=O)O,,186.251,6277891,,,,,
225,CCOC(=O)CCCCC(=O)C1CC1,24727443,CCOC(=O)CCCCC(=O)C1CC1,,198.262,6278161,,,,,
223,CCOC(=O)CCCC(=O)CC,12487640,CCC(=O)CCCC(=O)OCC,,172.224,6278162,,,,,
71,CCC(=O)CCCCCCC(=O)O,5282984,CCC(=O)CCCCCCC(=O)O,,186.251,6278403,,,,,
228,CCOC(=O)CCCCC(=O)CC,282994,CCC(=O)CCCCC(=O)OCC,,186.251,6278411,,,,,
366,OC1CCC2C(C1)CCC(C2)C(C)C,94453,CC(C)C1CCC2CC(CCC2C1)O,,196.334,6278456,,,,,
352,OC1CC(C)(C)CC(C1)(C)C,75851,CC1(CC(CC(C1)(C)C)O)C,,156.269,6282591,0.01250,,,,
369,OC1CCCC=CCC1,98392,C1CC=CCCC(C1)O,,126.199,6292831,,,,,
204,CCOC(=O)c1ccc(cc1C)F,18920184,CCOC(=O)C1=C(C=C(C=C1)F)C,,182.194,6293745,0.01030,,,,
218,CCOC(=O)CC1CCC(=O)CC1,12666966,CCOC(=O)CC1CCC(=O)CC1,,184.235,6307852,,,,,
10,C[C@@H]1CC[C@@H]([C@H](C1)O)C(C)C,45056,CC1CCC(C(C1)O)C(C)C,0.904,156.269,7929949,,,,,
179,CCOC(=O)C(C(C(C(C(C(F)(F)F)(F)F)(F)F)(F)F)(F)F)(F)F,526468,CCOC(=O)C(C(C(C(C(C(F)(F)F)(F)F)(F)F)(F)F)(F)F)(F)F,,392.116,7930396,,,,,
177,CCOC(=O)C(C(C(C(C(C(C(C(F)F)(F)F)(F)F)(F)F)(F)F)(F)F)(F)F)(F)F,2737219,CCOC(=O)C(C(C(C(C(C(C(C(F)F)(F)F)(F)F)(F)F)(F)F)(F)F)(F)F)(F)F,,474.141,7930408,,,,,
178,CCOC(=O)C(C(C(C(C(C(C(F)(F)F)(F)F)(F)F)(F)F)(F)F)(F)F)(F)F,76555,CCOC(=O)C(C(C(C(C(C(C(F)(F)F)(F)F)(F)F)(F)F)(F)F)(F)F)(F)F,,442.124,7930416,,,,,
290,O=C(C(C(C(C(C(C(F)(F)F)(F)F)(F)F)(F)F)(F)F)(F)F)OCC(C(C(F)(F)F)(F)F)(F)F,56587774,C(C(C(C(F)(F)F)(F)F)(F)F)OC(=O)C(C(C(C(C(C(F)(F)F)(F)F)(F)F)(F)F)(F)F)(F)F,,546.103,7930419,,,,,
209,CCOC(=O)c1cccc(c1)F,67975,CCOC(=O)C1=CC(=CC=C1)F,,168.167,7930445,did not pass QC,do not have,,,
336,OC/C(=C\C(C(C(F)(F)F)(F)F)(F)F)/I,5376505,C(C(=CC(C(C(F)(F)F)(F)F)(F)F)I)O,,351.99,7930588,,,,,
345,OC/C=C/C(C(C(F)(F)F)(F)F)(C(F)(F)F)F,5708540,C(C=CC(C(C(F)(F)F)(F)F)(C(F)(F)F)F)O,,276.102,7930777,,,,,
242,COC(=O)/C=C/c1ccc(cc1)C(=O)OC,5375161,COC(=O)C=CC1=CC=C(C=C1)C(=O)OC,,220.224,8392074,0.01000,,,,
245,COC(=O)c1cc(C)cc(c1)C,32786,CC1=CC(=CC(=C1)C(=O)OC)C,,164.204,8904378,0.01000,,,,
266,COC(=O)CC1CCCCC1,139743,COC(=O)CC1CCCCC1,,156.225,8910111,0.01020,,,,
219,CCOC(=O)CC1CCCC1,247667,CCOC(=O)CC1CCCC1,,156.225,8947756,0.01000,,,,
210,CCOC(=O)c1cccc(c1C)C,22448154,CCOC(=O)C1=C(C(=CC=C1)C)C,,178.231,8947842,0.01000,,,,
182,CCOC(=O)c1c(F)cccc1F,519631,CCOC(=O)C1=C(C=CC=C1F)F,,186.158,8947914,0.01000,,,,
217,CCOC(=O)c1ccccc1F,67953,CCOC(=O)C1=CC=CC=C1F,,168.167,8948024,0.01000,,,,
272,COCc1ccc(cc1)C(=O)OC,15247548,COCC1=CC=C(C=C1)C(=O)OC,,180.203,8954989,0.01000,,,,
186,CCOC(=O)c1ccc(c(c1)F)C,13489923,CCOC(=O)C1=CC(=C(C=C1)C)F,,182.194,9147067,0.01000,,,,
405,OCCCCCC(=O)OCC,357781,CCOC(=O)CCCCCO,,160.213,9156692,cancelled,,giving analogue ,,AKOS006274124
58,CC1CC(C)CC(C1)O,21584,CC1CC(CC(C1)O)C,,128.215,9156899,0.01030,,,,
75,CCC(C1CCCCC1)O,86535,CCC(C1CCCCC1)O,,142.242,9157140,0.01000,,,,
40,CC(C1CCCCC1)O,137829,CC(C1CCCCC1)O,,128.215,9157819,0.01030,,,,
56,CC1=CC(CCC1)O,89487,CC1=CC(CCC1)O,,112.172,9158570,0.01000,,,,
63,CC1CCCC(C1)(C)O,558957,CC1CCCC(C1)(C)O,,128.215,9996015,0.01000,,,,
66,CC1CCCCC1(C)O,164822,CC1CCCCC1(C)O,,128.215,9996121,0.01010,,,,
119,CCCCCC(=O)CC(=O)C(=O)OCC,12777406,CCCCCC(=O)CC(=O)C(=O)OCC,,214.261,10652650,0.01000,,,,
100,CCCCC(=O)CCC(=O)OCC,11830138,CCCCC(=O)CCC(=O)OCC,,186.251,10910401,0.01000,,,,
81,CCCC(=O)CCC(=O)OCC,12271529,CCCC(=O)CCC(=O)OCC,,172.224,10910511,0.01000,,,,
120,CCCCCC(=O)CCC(=O)OCC,12441329,CCCCCC(=O)CCC(=O)OCC,,200.278,10910614,0.01000,,,,
103,CCCCC(C(C)(C)C)O,140543,CCCCC(C(C)(C)C)O,,144.258,11018651,0.02130,,,,
39,CC(C1CCC(CC1)O)C,20739,CC(C)C1CCC(CC1)O,,142.242,12000610,0.01000,,,,
184,CCOC(=O)c1cc(F)c(c(c1)F)F,46311439,CCOC(=O)C1=CC(=C(C(=C1)F)F)F,,204.148,12488407,0.01000,,,,
240,CCOCCCCCC(=O)O,23190866,CCOCCCCCC(=O)O,,160.213,13620056,0.01000,,,,
136,CCCCCCC(CO)C,102495,CCCCCCC(C)CO,,144.258,13993199,0.01000,,,,
327,OC[C@@H]1CC[C@H](CC1)CO,7735,C1CC(CCC1CO)CO,,144.214,15833096,0.01020,,,,
147,CCCCCCCCC(C(=O)OCC)Br,95581,CCCCCCCCC(C(=O)OCC)Br,,279.218,15833920,,,,,
3,BrCCCCCCC(=O)OCC,122490,CCOC(=O)CCCCCCBr,,237.137,15836154,,,,,
4,BrCCCCCCCC(=O)OCC,264813,CCOC(=O)CCCCCCCBr,,251.164,15836156,,,,,
281,O[C@@H]1CC[C@H](CC1)C(C)(C)C,7391,CC(C)(C)C1CCC(CC1)O,,156.269,15837822,,,,,
278,O[C@@H]1CC[C@@H](CC1)C(C)(C)C,7391,CC(C)(C)C1CCC(CC1)O,,156.269,15837824,,,,,
49,CC(OC(=O)c1cccc(c1)B(O)O)C,2734363,B(C1=CC(=CC=C1)C(=O)OC(C)C)(O)O,,208.02,15838554,,,,,
315,OB(c1ccc(cc1)C(=O)OC(C)C)O,2734703,B(C1=CC=C(C=C1)C(=O)OC(C)C)(O)O,,208.02,15838560,,,,,
380,OCC/C=C\CC,5281167,CCC=CCCO,,100.161,15838970,0.01000,fridge,,,
137,CCCCCCC/C=C/C=O,5283345,CCCCCCCC=CC=O,,154.253,15839092,0.01000,fridge,,,
155,CCCCCCCCCCCCC/C=C/C(=O)O,5282743,CCCCCCCCCCCCCC=CC(=O)O,,254.414,15839097,,,,,
294,O=C(c1cccc(c1)B(O)O)OCc1ccccc1,2773249,B(C1=CC(=CC=C1)C(=O)OCC2=CC=CC=C2)(O)O,,256.064,15839321,,,,,
316,OB(c1ccc(cc1)C(=O)OCc1ccccc1)O,2773251,B(C1=CC=C(C=C1)C(=O)OCC2=CC=CC=C2)(O)O,,256.064,15839322,,,,,
173,CCCCOC(=O)CCCC,61137,CCCCC(=O)OCCCC,,158.241,15839693,0.01000,,,,
172,CCCCOC(=O)c1ccccc1C(=O)OCc1ccccc1,2347,CCCCOC(=O)C1=CC=CC=C1C(=O)OCC2=CC=CC=C2,1.12,312.365,15839717,0.01000,fridge,,,
321,OC(=O)CCCCCCCCCCCCC(=O)O,13185,C(CCCCCCC(=O)O)CCCCCC(=O)O,,258.358,15839774,,,,,
159,CCCCCCCCCCCCCC(=O)OCC,31283,CCCCCCCCCCCCCC(=O)OCC,,256.43,15839783,1.00000,,,,
323,OC(=O)CCCCCCCCCCCCCCC(=O)O,10459,C(CCCCCCCC(=O)O)CCCCCCC(=O)O,,286.412,15839798,0.01000,fridge,,,
93,CCCC/C=C\CCCCCCCCCC=O,5364495,CCCCC=CCCCCCCCCCC=O,,238.415,15839807,,,,,
94,CCCC/C=C\CCCCCCCCCCO,5283305,CCCCC=CCCCCCCCCCCO,,240.431,15839808,,,,,
89,CCCC/C=C/CCCCCCCCCCO,5352278,CCCCC=CCCCCCCCCCCO,,240.431,15839816,,,,,
151,CCCCCCCCCCC(=O)OCC,12327,CCCCCCCCCCC(=O)OCC,,214.349,15839824,0.01000,fridge,,,
165,CCCCCCCCCCCCCCCCCCCC(=O)O,10467,CCCCCCCCCCCCCCCCCCCC(=O)O,,312.538,15839825,0.01020,,,,
409,OCCCCCCCCC=C,25612,C=CCCCCCCCCO,,156.269,15839841,,,,,
149,CCCCCCCCCC(=O)[O-].[Na+],4457968,CCCCCCCCCC(=O)[O-].[Na+],,194.25,15839877,,,,,
116,CCCCC/C=C\C/C=C\CCCCCCCCO,5365682,CCCCCC=CCC=CCCCCCCCCO,,266.469,15839888,,,,,
142,CCCCCCCC/C=C/CCCCCCCCO,5367665,CCCCCCCCC=CCCCCCCCCO,,268.485,15839897,,,,,
404,OCCCCC[C@H](CC)C,13548104,CCC(C)CCCCCO,,144.258,15840005,,,,,
401,OCCCC[C@H](CC)C,13218084,CCC(C)CCCCO,,130.231,15840006,,,,,
247,COC(=O)c1ccc(cc1)/C=C/c1ccc(cc1)C(=O)OC,5378468,COC(=O)C1=CC=C(C=C1)C=CC2=CC=C(C=C2)C(=O)OC,,296.322,15840500,,,,,
368,OC1CCCC=C1,13198,C1CC=CC(C1)O,,98.145,15840757,,,,,
220,CCOC(=O)CC1CCCCCC1,14322005,CCOC(=O)CC1CCCCCC1,,184.279,15840844,,,,,
339,OC/C=C(/CCC[C@@H](CCC[C@@H](CCCC(C)C)C)C)\C,5280435,CC(C)CCCC(C)CCCC(C)CCCC(=CCO)C,,296.539,15841769,0.01000,fridge,,,
76,CCC(CCCC(C)C)(O)C,6548,CCC(C)(CCCC(C)C)O,,158.285,15841872,1.00000,,,,
64,Cc1cccc(c1)C(=O)OC(=O)c1cccc(c1)C,253301,CC1=CC=CC(=C1)C(=O)OC(=O)C2=CC(=CC=C2)C,,254.285,15842028,,,,,
169,CCCCCCCOC(=O)CCCCCC,69350,CCCCCCCOC(=O)CCCCCC,,228.376,15843132,,,,,
342,OC/C=C/C(C(C(C(C(C(C(C(F)(F)F)(F)F)(F)F)(F)F)(F)F)(F)F)(F)F)(F)F,5708699,C(C=CC(C(C(C(C(C(C(C(F)(F)F)(F)F)(F)F)(F)F)(F)F)(F)F)(F)F)(F)F)O,,476.133,15852692,,,,,
343,OC/C=C/C(C(C(C(C(C(F)(F)F)(F)F)(F)F)(F)F)(F)F)(F)F,5708693,C(C=CC(C(C(C(C(C(F)(F)F)(F)F)(F)F)(F)F)(F)F)(F)F)O,,376.117,15852861,,,,,
99,CCCCC(=O)CC(=O)OCC,559036,CCCCC(=O)CC(=O)OCC,,172.224,15855371,0.01000,,,,
358,OC1CCC(CC1)C1CCCCC1,75518,C1CCC(CC1)C2CCC(CC2)O,,182.307,15856373,,,,,
410,OCCCCCCCCCC(=O)O,74300,C(CCCCC(=O)O)CCCCO,,188.267,15856518,0.01000,fridge,,,
194,CCOC(=O)c1ccc(cc1)C#C,15540683,CCOC(=O)C1=CC=C(C=C1)C#C,,174.199,15888301,,,,,
319,OC(=O)CCCCCCCCCCC(=O)O,12736,C(CCCCCC(=O)O)CCCCC(=O)O,,230.304,15892807,0.01010,,,,
141,CCCCCCCC(=O)OC(COC(=O)CCCCCCC)COC(=O)CCCCCCC,10850,CCCCCCCC(=O)OCC(COC(=O)CCCCCCC)OC(=O)CCCCCCC,0.954,470.691,15899778,0.01000,fridge,,,
161,CCCCCCCCCCCCCCCC(=O)OC(COC(=O)CCCCCCCCCCCCCCC)COC(=O)CCCCCCCCCCCCCCC,11147,CCCCCCCCCCCCCCCC(=O)OCC(COC(=O)CCCCCCCCCCCCCCC)OC(=O)CCCCCCCCCCCCCCC,,807.339,15899780,,,,,
152,CCCCCCCCCCCC(=O)CC(=O)OC,89670,CCCCCCCCCCCC(=O)CC(=O)OC,,256.386,15901948,,,,,
62,CC1CCC(C(C1)O)C(O)(C)C,556998,CC1CCC(C(C1)O)C(C)(C)O,,172.268,15902316,,,,,
379,OCC[C@H](CCC=C(C)C)C,7793,CC(CCC=C(C)C)CCO,,156.269,15902396,0.01000,fridge,,,
357,OC1CCC(CC1)C(C1CCC(CC1)O)(C)C,94932,CC(C)(C1CCC(CC1)O)C2CCC(CC2)O,,240.387,15907919,0.01000,fridge,,,
270,COC(=O)CCCCCCCC(=O)OC,15612,COC(=O)CCCCCCCC(=O)OC,,216.277,15913922,0.01000,fridge,,,
328,OC[C@@H]1CCCC[C@@H]1CO,2724019,C1CCC(C(C1)CO)CO,,144.214,15915800,0.01000,fridge,,,
396,OCCC=C(C)C,136582,CC(=CCCO)C,,100.161,15916428,,,,,
329,OC[C@@H]1CCCC[C@H]1CO,11217323,C1CCC(C(C1)CO)CO,,144.214,16000198,0.01000,fridge,,,
87,CCCC(CC(CO)CC)CC,549992,CCCC(CC)CC(CC)CO,,172.312,16003314,,,,,
202,CCOC(=O)c1ccc(cc1)CCc1ccccc1,70700422,CCOC(=O)C1=CC=C(C=C1)CCC2=CC=CC=C2,,254.329,16003433,,,,,
107,CCCCC[C@@H]1CC[C@H](CC1)[C@@H]1CC[C@H](CC1)O,3126233,CCCCCC1CCC(CC1)C2CCC(CC2)O,,252.442,16003821,0.01000,fridge,,,
230,CCOC(=O)CCCCC1CC(=O)C1,70700488,CCOC(=O)CCCCC1CC(=O)C1,,198.262,16004162,,,,,
365,OC1CCC2(CC1)CCCC2,56962207,C1CCC2(C1)CCC(CC2)O,,154.253,16004545,,,,,
132,CCCCCC/C=C\CCCCCCCC=O,5364643,CCCCCCC=CCCCCCCCC=O,,238.415,16004818,,,,,
34,CC(=CCC/C(=C\C(=O)O)/C)C,5312583,CC(=CCCC(=CC(=O)O)C)C,,168.236,16004982,,,,,
293,O=C(c1ccc(cc1)F)OC(=O)c1ccc(cc1)F,579438,C1=CC(=CC=C1C(=O)OC(=O)C2=CC=C(C=C2)F)F,,262.212,16005112,,,,,
2,BrCc1ccccc1C(=O)OCc1ccccc1,13978678,C1=CC=C(C=C1)COC(=O)C2=CC=CC=C2CBr,,305.171,16005277,,,,,
267,COC(=O)CCCCC(=O)C,288022,CC(=O)CCCCC(=O)OC,,158.197,16005447,,,,,
138,CCCCCCC/C=C/CC(=O)C,71307285,CCCCCCCC=CCC(=O)C,,182.307,16006185,,,,,
139,CCCCCCC/C=C/CC(=O)CC,21953547,CCCCCCCC=CCC(=O)CC,,196.334,16006261,,,,,
168,CCCCCCCCCCCCCCOC(=O)C,12531,CCCCCCCCCCCCCCOC(=O)C,,256.43,16006385,,,,,
54,CC1(O)CC2CCC1CC2,296931,CC1(CC2CCC1CC2)O,,140.226,16006704,,,,,
387,OCC12CCC(CC1)(CC2)CO,13227630,C1CC2(CCC1(CC2)CO)CO,,170.252,16006918,,,,,
195,CCOC(=O)c1ccc(cc1)C#Cc1ccccc1,4654671,CCOC(=O)C1=CC=C(C=C1)C#CC2=CC=CC=C2,,250.297,16007158,,,,,
341,OC/C=C(\CCC=C(C)C)/C,643820,CC(=CCCC(=CCO)C)C,,154.253,16008578,,,,,
279,O[C@@H]1CC[C@@H](CC1)C1CCCCC1,75518,C1CCC(CC1)C2CCC(CC2)O,,182.307,16008874,,,,,
20,C#CCOC(=O)c1ccccc1,336291,C#CCOC(=O)C1=CC=CC=C1,,160.172,16009036,,,,,
156,CCCCCCCCCCCCC/C=C/C=C/C(=O)O,5312457,CCCCCCCCCCCCCC=CC=CC(=O)O,,280.452,16009052,,,,,
135,CCCCCCC(C(=O)OC)Br,95579,CCCCCCC(C(=O)OC)Br,,237.137,16009491,0.01000,fridge,,,
146,CCCCCCCCC(=O)OCCCCCCCC(C)C,66957,CCCCCCCCC(=O)OCCCCCCCC(C)C,,298.511,16009813,,,,,
19,C/C=C\CO,643789,CC=CCO,,72.107,16009829,0.02590,,,,
105,CCCCC(CCC(CC(C)C)O)CC,97948,CCCCC(CC)CCC(CC(C)C)O,,214.393,16009845,0.00100,not arrived,,,
51,CC/C=C/C=C/CO,5367391,CCC=CC=CCO,,112.172,16010111,,,,,
174,CCCCOC(=O)CCCCCCCCC=C,61027,CCCCOC(=O)CCCCCCCCC=C,,240.387,16010129,,,,,
280,O[C@@H]1CC[C@H](C=C1)O,7057958,C1CC(C=CC1O)O,,114.144,16010153,,,,,
12,C[C@@H]1CC[C@@H]2[C@]31CC[C@@]([C@@H](C3)C2(C)C)(C)O,7067838,CC1CCC2C13CCC(C(C3)C2(C)C)(C)O,,222.372,16010231,,,,,
322,OC(=O)CCCCCCCCCCCCCC(=O)O,160576,C(CCCCCCC(=O)O)CCCCCCC(=O)O,,272.385,16010374,1.00000,,,,
43,CC(CCCCCCOC(=O)CCCCC(=O)OCCCCCCC(C)C)C,6427097,CC(C)CCCCCCOC(=O)CCCCC(=O)OCCCCCCC(C)C,,398.628,16010396,,,,,
373,OCC(C(=C)C)CC=C(C)C,94060,CC(=CCC(CO)C(=C)C)C,,154.253,16011078,,,,,
44,CC(CCCCCOC(=O)CCCCCCCCC(=O)OCCCCCC(C)C)C,117949,CC(C)CCCCCOC(=O)CCCCCCCCC(=O)OCCCCCC(C)C,,426.682,16012591,,,,,
148,CCCCCCCCC/C=C/C=C/C=C/C=C/C=C/C=C/C(=O)O,6442063,CCCCCCCCCC=CC=CC=CC=CC=CC=CC(=O)O,,328.496,16013070,0.10000,freezer: -80 bottom shelf in box labeled AKOS LLS 11-9-16,,,
55,CC1(O)CCC(CC1)C(O)(C)C.O,17141,CC1(CCC(CC1)C(C)(C)O)O.O,,190.283,16013500,0.01000,,,,
338,OC/C=C(/CC/C=C(/CC/C=C(/CCC=C(C)C)\C)\CO)\C,5282197,CC(=CCCC(=CCCC(=CCCC(=CCO)C)CO)C)C,,306.49,16014100,,,,,
313,O=CCCc1cccc(c1)C(=O)OCC,10262385,CCOC(=O)C1=CC(=CC=C1)CCC=O,,206.241,16014243,,,,,
246,COC(=O)c1ccc(cc1)/C=C/C(=O)/C=C/c1ccc(cc1)C(=O)OC,14817491,COC(=O)C1=CC=C(C=C1)C=CC(=O)C=CC2=CC=C(C=C2)C(=O)OC,,350.37,16014783,,,,,
349,OC/C=C\CO,643790,C(C=CCO)O,1.07,88.106,16015277,,,,,
344,OC/C=C/C(C(C(C(F)(F)F)(F)F)(F)F)(F)F,5708662,C(C=CC(C(C(C(F)(F)F)(F)F)(F)F)(F)F)O,,276.102,16015336,,,,,
335,OC/C(=C\C(C(C(C(C(C(F)(F)F)(F)F)(F)F)(F)F)(F)F)(F)F)/I,5366122,C(C(=CC(C(C(C(C(C(F)(F)F)(F)F)(F)F)(F)F)(F)F)(F)F)I)O,,502.014,16015430,,,,,
170,CCCCOC(=O)C(C(C(C(C(C(C(F)(F)F)(F)F)(F)F)(F)F)(F)F)(F)F)(F)F,2778841,CCCCOC(=O)C(C(C(C(C(C(C(F)(F)F)(F)F)(F)F)(F)F)(F)F)(F)F)(F)F,,470.178,16015456,,,,,
163,CCCCCCCCCCCCCCCCCC(=O)OC(=O)CCCCCCCCCCCCCCCCC,69485,CCCCCCCCCCCCCCCCCC(=O)OC(=O)CCCCCCCCCCCCCCCCC,,550.953,16015529,0.01000,fridge,,,
216,CCOC(=O)c1ccccc1CCC(=C)C,24721799,CCOC(=O)C1=CC=CC=C1CCC(=C)C,,218.296,16016780,,,,,
208,CCOC(=O)c1cccc(c1)CCC(=C)C,14812184,CCOC(=O)C1=CC(=CC=C1)CCC(=C)C,,218.296,16016783,,,,,
27,C=CCCc1ccccc1C(=O)OCC,24721793,CCOC(=O)C1=CC=CC=C1CCC=C,,204.269,16016791,,,,,
201,CCOC(=O)c1ccc(cc1)CCC(=C)C,24721809,CCOC(=O)C1=CC=C(C=C1)CCC(=C)C,,218.296,16016810,,,,,
215,CCOC(=O)c1ccccc1c1ccccc1C(=O)OCC,13793399,CCOC(=O)C1=CC=CC=C1C2=CC=CC=C2C(=O)OCC,,298.338,16017263,,,,,
189,CCOC(=O)c1ccc(cc1)C(=O)c1ccccc1,570996,CCOC(=O)C1=CC=C(C=C1)C(=O)C2=CC=CC=C2,,254.285,16017798,,,,,
207,CCOC(=O)c1cccc(c1)C1CCCC(=O)C1,15475145,CCOC(=O)C1=CC(=CC=C1)C2CCCC(=O)C2,,246.306,16019476,,,,,
193,CCOC(=O)c1ccc(cc1)C(=O)CCc1ccccc1,24725578,CCOC(=O)C1=CC=C(C=C1)C(=O)CCC2=CC=CC=C2,,282.339,16021018,,,,,
192,CCOC(=O)c1ccc(cc1)C(=O)CCc1cccc(c1)C,24725673,CCOC(=O)C1=CC=C(C=C1)C(=O)CCC2=CC=CC(=C2)C,,296.366,16021043,,,,,
191,CCOC(=O)c1ccc(cc1)C(=O)CCc1ccc(cc1)C,24725724,CCOC(=O)C1=CC=C(C=C1)C(=O)CCC2=CC=C(C=C2)C,,296.366,16021549,,,,,
190,CCOC(=O)c1ccc(cc1)C(=O)CCc1cc(C)cc(c1)C,24726494,CCOC(=O)C1=CC=C(C=C1)C(=O)CCC2=CC(=CC(=C2)C)C,,310.393,16022200,,,,,
102,CCCCC(=O)CCCCC(=O)OCC,11063798,CCCCC(=O)CCCCC(=O)OCC,,214.305,16022941,,,,,
121,CCCCCC(=O)CCCC(=O)OCC,3022909,CCCCCC(=O)CCCC(=O)OCC,,214.305,16022952,,,,,
224,CCOC(=O)CCCCC(=O)C(C)C,12007529,CCOC(=O)CCCCC(=O)C(C)C,,200.278,16022954,,,,,
84,CCCC(=O)CCCCCC(=O)OCC,24727454,CCCC(=O)CCCCCC(=O)OCC,,214.305,16022974,,,,,
198,CCOC(=O)c1ccc(cc1)CC(=O)c1ccccc1,24727462,CCOC(=O)C1=CC=C(C=C1)CC(=O)C2=CC=CC=C2,,268.312,16023015,,,,,
234,CCOC(=O)CCCCCC(=O)C1CCCC1,24727434,CCOC(=O)CCCCCC(=O)C1CCCC1,,240.343,16023050,,,,,
226,CCOC(=O)CCCCC(=O)C1CCC1,24727438,CCOC(=O)CCCCC(=O)C1CCC1,,212.289,16023052,,,,,
233,CCOC(=O)CCCCCC(=O)C1CCC1,24727439,CCOC(=O)CCCCCC(=O)C1CCC1,,226.316,16023061,,,,,
232,CCOC(=O)CCCCCC(=O)C1CC1,24727444,CCOC(=O)CCCCCC(=O)C1CC1,,212.289,16023071,,,,,
231,CCOC(=O)CCCCCC(=O)C(C)(C)C,24727447,CCOC(=O)CCCCCC(=O)C(C)(C)C,,228.332,16023082,,,,,
237,CCOC(=O)CCCCCCC(=O)CC,24727450,CCC(=O)CCCCCCC(=O)OCC,,214.305,16023092,,,,,
227,CCOC(=O)CCCCC(=O)C1CCCCC1,11770572,CCOC(=O)CCCCC(=O)C1CCCCC1,,240.343,16023189,,,,,
392,OCC1CCC(C1(C)C)(C)CO,2750589,CC1(C(CCC1(C)CO)CO)C,,172.268,16038000,0.01300,,,,
86,CCCC(C(CO)CC)O,7211,CCCC(C(CC)CO)O,,146.23,16051411,0.01000,fridge,,,
248,COC(=O)c1ccc(cc1)C(=O)c1ccc(cc1)C,182399,CC1=CC=C(C=C1)C(=O)C2=CC=C(C=C2)C(=O)OC,,254.285,16053162,,,,,
273,F[B-](c1ccc(cc1)C(=O)OCC)(F)F.[K+],46738073,[B-](C1=CC=C(C=C1)C(=O)OCC)(F)(F)F.[K+],,256.073,16339828,0.01000,,,,
13,C[C@@H]1CC[C@H]([C@@H](C1)O)C(C)C,16666,CC1CCC(C(C1)O)C(C)C,0.904,156.269,16842647,0.01000,,,,
385,OCC1=CC[C@H](CC1)C(=C)C,369312,CC(=C)C1CCC(=CC1)CO,,152.237,16843795,,,,,
67,CC1CCCCC1O,11418,CC1CCCCC1O,0.93,114.188,16843913,"cancelled, analysis failed",do not have,,,
59,CC1CC(O)CC(C1)(C)C,8298,CC1CC(CC(C1)(C)C)O,,142.242,16844021,0.01020,,,,
397,OCCC1C(C)(O)CCC2C1(C)CCCC2(C)C,91915,CC1(CCCC2(C1CCC(C2CCO)(C)O)C)C,,254.414,16844262,,,,,
8,C[C@@H](C1CCCCC1)O,9964092,CC(C1CCCCC1)O,,128.215,16844268,,,,,
351,OC12CCC3CC(C1)CC(C2)C3,565589,C1CC2(CC3CC1CC(C3)C2)O,,166.264,16844276,,,,,
359,OC1CCC(CC1)OC(=O)c1ccccc1,238109,C1CC(CCC1O)OC(=O)C2=CC=CC=C2,,220.268,16844745,,,,,
374,OCC(C(C)C)(CCC(C)C)CO,11745391,CC(C)CCC(CO)(CO)C(C)C,,188.311,16844938,0.01000,,,,
299,O=C(c1ccccc1)OC1CCC=CC1,10171328,C1CC(CC=C1)OC(=O)C2=CC=CC=C2,,202.253,16845282,,,,,
42,CC(CCC[C@@H](O)C)C,12583653,CC(C)CCCC(C)O,,130.231,16845813,,,,,
291,O=C(c1ccc(cc1)C(=O)OCc1ccccc1)OCc1ccccc1,88280,C1=CC=C(C=C1)COC(=O)C2=CC=C(C=C2)C(=O)OCC3=CC=CC=C3,,346.382,16845850,,,,,
106,CCCCC(COC(=O)c1ccccc1)CC,94310,CCCCC(CC)COC(=O)C1=CC=CC=C1,,234.339,16846200,,,,,
332,OC[C@H]1CC[C@H]2C[C@]1(O)C2(C)C,22831353,CC1(C2CCC(C1(C2)O)CO)C,,170.252,17343148,,,,,
122,CCCCCC(=O)OCCCC(F)(F)F,45075683,CCCCCC(=O)OCCCC(F)(F)F,,226.239,17343232,,,,,
164,CCCCCCCCCCCCCCCCCC(=O)OCCC,77190,CCCCCCCCCCCCCCCCCC(=O)OCCC,,326.565,17343276,,,,,
11,C[C@@H]1CC[C@@H](CC1)O,11524,CC1CCC(CC1)O,0.92,114.188,17343697,0.01000,fridge,,,
14,C[C@H](CCC=C(C)C)O,6971128,CC(CCC=C(C)C)O,,128.215,17343717,,,,,
330,OC[C@H]([C@H]1CC[C@@H]2[C@]1(C)CCC[C@@H]2O)C,11042078,CC(CO)C1CCC2C1(CCCC2O)C,,212.333,17343723,0.10000,,,,
24,C=CCC[C@@H](O)C,11848710,CC(CCC=C)O,,100.161,17343751,,,,,
9,C[C@@H](CCC=C(C)C)O,6971127,CC(CCC=C(C)C)O,,128.215,17343754,0.01000,fridge,,,
304,O=C(c1ccccc1)OCCOC(F)(F)F,68154755,C1=CC=C(C=C1)C(=O)OCCOC(F)(F)F,,234.174,17344668,,,,,
348,OC/C=C\C(C(F)(F)F)(C(F)(F)F)F,44717634,C(C=CC(C(F)(F)F)(C(F)(F)F)F)O,,226.094,17344911,,,,,
413,OCCCOC(=O)c1ccccc1,81378,C1=CC=C(C=C1)C(=O)OCCCO,,180.203,17344995,,,,,
370,OC1CCCCC1(C)C,557637,CC1(CCCCC1O)C,,128.215,18400514,0.01020,,,,
65,CC1CCCC(C1O)C,21428,CC1CCCC(C1O)C,,128.215,21983365,0.01000,,,,
166,CCCCCCCCCCCCCCCCCCCCCC(=O)OCC,22199,CCCCCCCCCCCCCCCCCCCCCC(=O)OCC,,368.646,22172024,,,,,
15,C[C@H]1C[C@@H](O)CC(C1)(C)C,1550823,CC1CC(CC(C1)(C)C)O,,142.242,22172061,,,,,
47,CC(COC(=O)c1ccccc1)OCC(OC(=O)c1ccccc1)C,89272,CC(COC(C)COC(=O)C1=CC=CC=C1)OC(=O)C2=CC=CC=C2,,342.391,22172826,,,,,
301,O=C(c1ccccc1)OCC(COC(=O)c1ccccc1)(C)C,20169,CC(C)(COC(=O)C1=CC=CC=C1)COC(=O)C2=CC=CC=C2,,312.365,22172830,,,,,
206,CCOC(=O)c1cccc(c1)c1ccc(cc1)C=O,15382496,CCOC(=O)C1=CC=CC(=C1)C2=CC=C(C=C2)C=O,,254.285,22172857,,,,,
300,O=C(c1ccccc1)OCC(=O)C,23137,CC(=O)COC(=O)C1=CC=CC=C1,,178.187,22172870,,,,,
140,CCCCCCCC(=O)CC(=O)OCC,83224,CCCCCCCC(=O)CC(=O)OCC,,214.305,22172951,,,,,
69,CCC(=O)[C@H](OC(=O)c1ccccc1)C,11424287,CCC(=O)C(C)OC(=O)C1=CC=CC=C1,,206.241,22173054,,,,,
33,CC(=C)[C@H]1CC[C@@](C=C1)(C)O,5319363,CC(=C)C1CCC(C=C1)(C)O,,152.237,22173122,,,,,
171,CCCCOC(=O)c1cccc(c1)B(O)O,11183638,B(C1=CC(=CC=C1)C(=O)OCCCC)(O)O,,222.047,22173304,,,,,
312,O=Cc1ccc(cc1F)C(=O)OCc1ccccc1,59295103,C1=CC=C(C=C1)COC(=O)C2=CC(=C(C=C2)C=O)F,,258.248,22173642,,,,,
211,CCOC(=O)c1cccc2c1CCCC2,11790328,CCOC(=O)C1=C2CCCCC2=CC=C1,,204.269,22173807,,,,,
96,CCCc1ccc(cc1)C(=O)OC,12861010,CCCC1=CC=C(C=C1)C(=O)OC,,178.231,22174072,,,,,
200,CCOC(=O)c1ccc(cc1)CCC,12766527,CCCC1=CC=C(C=C1)C(=O)OCC,,192.258,22174073,,,,,
181,CCOC(=O)c1c(C)cccc1F,46311376,CCOC(=O)C1=C(C=CC=C1F)C,,182.194,22176945,,,,,
72,CCC(=O)OC(=O)c1ccccc1,11961,CCC(=O)OC(=O)C1=CC=CC=C1,,178.187,22177870,,,,,
167,CCCCCCCCCCCCCCCCOC(=O)CCCCCCCCCCCCC,75779,CCCCCCCCCCCCCCCCOC(=O)CCCCCCCCCCCCC,,452.808,22183496,0.01000,fridge,,,
5,BrCCCCCCCCC(=O)OCC,560317,CCOC(=O)CCCCCCCCBr,,265.191,22184013,,,,,
255,COC(=O)c1ccc(cc1)COC(=O)C,597147,CC(=O)OCC1=CC=C(C=C1)C(=O)OC,,208.213,22184211,,,,,
29,CC([C@]1(O)CC[C@@]2([C@@H](C1)[C@](C)(O)CCC2O)C)C,71307321,CC(C)C1(CCC2(C(CCC(C2C1)(C)O)O)C)O,,256.386,22184630,,,,,
23,C=CC(C/C=C/C(O)(C)C)(O)C,5352451,CC(C)(C=CCC(C)(C=C)O)O,,170.252,22184702,,,,,
337,OC/C(=C\CC/C(=C/CC/C(=C/CC/C=C(/CC/C=C(/CCC=C(C)C)\C)\C)/C)/C)/C(O)(O)O,73554037,CC(=CCCC(=CCCC(=CCCC=C(C)CCC=C(C)CCC=C(CO)C(O)(O)O)C)C)C,,474.726,22184831,,,,,
311,O=Cc1ccc(cc1)CC(=O)OCc1ccccc1,19966221,C1=CC=C(C=C1)COC(=O)CC2=CC=C(C=C2)C=O,,254.285,22188250,,,,,
331,OC[C@H](C1CCC2[C@]1(C)CCCC2O)C,57712187,CC(CO)C1CCC2C1(CCCC2O)C,,212.333,22193598,0.01000,,,,
187,CCOC(=O)c1ccc(c(c1F)F)F,594559,CCOC(=O)C1=C(C(=C(C=C1)F)F)F,,204.148,23547264,,,,,
354,OC1CC2CCC1CC2,140410,C1CC2CCC1CC2O,,126.199,24047419,,,,,
355,OC1CCC(CC1)C(C(=O)O)(C)C,57449962,CC(C)(C1CCC(CC1)O)C(=O)O,,186.251,24162794,0.01030,,,,
48,CC(COC(=O)CCCCCCCC(=O)OCC(C)C)C,7776,CC(C)COC(=O)CCCCCCCC(=O)OCC(C)C,,300.439,24258487,,,,,
393,OCC1CCC(CC1)COC,19938783,COCC1CCC(CC1)CO,,158.241,24260315,,,,,
197,CCOC(=O)c1ccc(cc1)c1ccc(cc1)C=O,10977997,CCOC(=O)C1=CC=C(C=C1)C2=CC=C(C=C2)C=O,,254.285,24260640,,,,,
144,CCCCCCCCC(=O)C(=O)OCC,12750087,CCCCCCCCC(=O)C(=O)OCC,,214.305,24261991,,,,,
372,OCC(=C)CCCCCC(=C)CO,84820163,C=C(CCCCCC(=C)CO)CO,,184.279,24262777,0.01100,,,,
371,OCC(=C)CCCCCC(=C)C,84820164,CC(=C)CCCCCC(=C)CO,,168.28,24262779,0.00440,,,,
128,CCCCCC/C=C/C=C/C,12397158,CCCCCCC=CC=CC,,152.281,24262869,0.01910,,,,
109,CCCCC/C=C/C(C)(C)C,84820213,CCCCCC=CC(C)(C)C,,154.297,24262871,0.01350,,,,
324,OC(C(C)(C)C)/C=C/C=C/C(C)(C)C,84820215,CC(C)(C)C=CC=CC(C(C)(C)C)O,,196.334,24262873,0.02310,,,,
118,CCCCCC(/C=C/C=C/C=C/C)O,84820218,CCCCCC(C=CC=CC=CC)O,,194.318,24262879,0.01170,,,,
129,CCCCCC/C=C/CCCC,5364444,CCCCCCC=CCCCC,,168.324,24262897,0.01720,,,,
36,CC(C=C)/C=C\CCCCC,12525554,CCCCCC=CC(C)C=C,,152.281,24262911,0.01730,,,,
133,CCCCCCC(/C(=C/C)/C)O,15527754,CCCCCCC(C(=CC)C)O,,170.296,24262916,0.01780,,,,
382,OCC1(C)C2CC3C1(C)C3C2,578221,CC1(C2CC3C1(C3C2)C)CO,,152.237,24262936,0.01420,,,,
394,OCCC(CC/C=C(\CO)/C)C,77134639,CC(CCC=C(C)CO)CCO,,172.268,24263033,0.01520,,,,
52,CC/C=C\CCCC/C=C\CC,14840125,CCC=CCCCCC=CCC,,166.308,24263044,0.01600,,,,
110,CCCCC/C=C/C(C)C,5365981,CCCCCC=CC(C)C,,140.27,24263045,0.01940,,,,
113,CCCCC/C=C\C(C)(C)C,84820295,CCCCCC=CC(C)(C)C,,154.297,24263046,0.01550,,,,
108,CCCCC/C(=C/C(C)C)/[2H],84820296,CCCCCC=CC(C)C,,141.276,24263047,0.01710,,,,
114,CCCCC/C=C\C(C)C,12936866,CCCCCC=CC(C)C,,140.27,24263048,0.02280,,,,
124,CCCCCC/C=C(/C(O)C)\C,12768714,CCCCCCC=C(C)C(C)O,,170.296,24263050,0.02370,,,,
111,CCCCC/C=C/C=C\C=C,5367410,CCCCCC=CC=CC=C,,150.265,24263056,0.01820,,,,
115,CCCCC/C=C\C/C=C\C,58361173,CCCCCC=CCC=CC,,152.281,24263058,0.01390,,,,
97,CCCCC(/C=C/[C@H]1COC(O1)(C)C)O,84820308,CCCCC(C=CC1COC(O1)(C)C)O,,214.305,24263069,0.01420,,,,
90,CCCC/C=C\C(C(F)(F)F)O,84820333,CCCCC=CC(C(F)(F)F)O,,182.186,24263114,"not shipped, identical to AKOS024263117",do not have,,,
88,CCCC/C=C/C(C(F)(F)F)O,10012561,CCCCC=CC(C(F)(F)F)O,,182.186,24263117,0.01950,,,,
98,CCCCC(/C=C\CO[Si](C(C)(C)C)(C)C)O,84820355,CCCCC(C=CCO[Si](C)(C)C(C)(C)C)O,,258.477,24263164,0.01980,,,,
340,OC/C=C(\C=C\C1=C(C)CCCC1(C)C)/C,10443476,CC1=C(C(CCC1)(C)C)C=CC(=CCO)C,,220.356,24263171,"not shipped, structure altered",do not have,,,
274,FCC(CCCCCCCCC(=O)OC)O,11831365,COC(=O)CCCCCCCCC(CF)O,,234.311,24263949,0.01060,,,,
325,OC(C(O)(C)C)C1CCCCC1,15568593,CC(C)(C(C1CCCCC1)O)O,,172.268,24263952,0.01440,,,,
378,OCC(CCCCCCCCC(=O)OC)F,10988196,COC(=O)CCCCCCCCC(CO)F,,234.311,24263954,,,,,
1,BrCC(CCCCCCCCC(=O)OC)F,11022861,COC(=O)CCCCCCCCC(CBr)F,,297.208,24263961,0.01130,,,,
221,CCOC(=O)CC1CCCCCCCCCCC1,17750637,CCOC(=O)CC1CCCCCCCCCCC1,,254.414,24264069,0.01410,,,,
78,CCC/C=C\CCC/C=C\CCC,84820759,CCCC=CCCCC=CCCC,,180.335,24264131,0.02200,,,,
53,CC#CCCCCCCCC(=O)OC,13355478,CC#CCCCCCCCC(=O)OC,,196.29,24264137,0.01510,,,,
407,OCCCCCCCC/C=C/C,6436867,CC=CCCCCCCCCO,,170.296,24264141,0.02150,,,,
131,CCCCCC/C=C\C=C,12276242,CCCCCCC=CC=C,,138.254,24264252,0.02350,,,,
127,CCCCCC/C=C/C(O)C,5365770,CCCCCCC=CC(C)O,,156.269,24264260,0.02120,,,,
22,C=CC(C/C=C/C(=C)C)(O)C,5366264,CC(=C)C=CCC(C)(C=C)O,,152.237,24264261,0.02440,,,,
130,CCCCCC/C=C/CCO,5352493,CCCCCCC=CCCO,,156.269,24264262,0.02220,,,,
334,OC/C(=C/CCC1(C)CCCC(C1)(C)C)/C,84820829,CC(=CCCC1(CCCC(C1)(C)C)C)CO,,224.388,24264291,0.01840,,,,
391,OCC1CC2CC(C1=C)C2(C)C,15695189,CC1(C2CC(C(=C)C1C2)CO)C,,166.264,24264293,0.02430,,,,
402,OCCCC/C=C\C,13443326,CC=CCCCCO,,114.188,24264306,,,,,
77,CCC[C@@H]1CCC(CC1)C1CC[C@H](CC1)O,3107830,CCCC1CCC(CC1)C2CCC(CC2)O,,224.388,24438127,,,,,
157,CCCCCCCCCCCCC/C=C\CCCCCCCC,5365075,CCCCCCCCCCCCCC=CCCCCCCCC,,322.621,24462408,1.00000,,,,
271,COC/C=C(\CCC=C(C)C)/C,6436330,CC(=CCCC(=CCOC)C)C,,168.28,24463299,,,,,
28,C=CCCCC(CCCC=C)O,11275239,C=CCCCC(CCCC=C)O,,168.28,25141964,0.01000,,,,
347,OC/C=C\C(C(C(F)(F)F)(F)F)(C(F)(F)F)F,44717503,C(C=CC(C(C(F)(F)F)(F)F)(C(F)(F)F)F)O,,276.102,25211563,,,,,
333,OC/C(=C/C(C(C(C(C(C(F)(F)F)(F)F)(F)F)(F)F)(F)F)(F)F)/I,5708695,C(C(=CC(C(C(C(C(C(F)(F)F)(F)F)(F)F)(F)F)(F)F)(F)F)I)O,,502.014,25211692,,,,,
268,COC(=O)CCCCCC(=O)C(F)(F)F,57362757,COC(=O)CCCCCC(=O)C(F)(F)F,,226.195,25212060,,,,,
95,CCCC/C=C\CCCCCCCCO,5364712,CCCCC=CCCCCCCCCO,,212.377,25212607,,,,,
395,OCCC[C@H]([C@H]1CC[C@@H]2[C@]1(C)[C@@H](O)C[C@H]1[C@H]2[C@H](O)C[C@@H]2[C@]1(C)CC[C@H](C2)O)C,5284054,CC(CCCO)C1CCC2C1(C(CC3C2C(CC4C3(CCC(C4)O)C)O)O)C,,394.596,25213187,,,,,
160,CCCCCCCCCCCCCCC/C=C/CO,5364416,CCCCCCCCCCCCCCCC=CCO,,268.485,25213206,,,,,
346,OC/C=C/C(C(F)(F)F)(F)F,14149394,C(C=CC(C(F)(F)F)(F)F)O,,176.086,25213216,,,,,
92,CCCC/C=C\CCCCCCCCC/C=C/CO,5283306,CCCCC=CCCCCCCCCCC=CCO,,266.469,25213454,,,,,
264,COC(=O)c1ccccc1COCc1ccccc1C,46735277,CC1=CC=CC=C1COCC2=CC=CC=C2C(=O)OC,,270.328,25213694,,,,,
296,O=C(c1ccccc1)OC[C@@H]1CCCOC1,91800988,C1CC(COC1)COC(=O)C2=CC=CC=C2,,220.268,25396188,,,,,
297,O=C(c1ccccc1)OC[C@H]1CCCOC1,91800987,C1CC(COC1)COC(=O)C2=CC=CC=C2,,220.268,25396209,,,,,
145,CCCCCCCCC(=O)OC(=O)CCCCCCCC,74304,CCCCCCCCC(=O)OC(=O)CCCCCCCC,,298.467,25396803,,,,,
134,CCCCCCC(=O)OC(=O)CCCCCC,69376,CCCCCCC(=O)OC(=O)CCCCCC,,242.359,25396821,0.01000,fridge,,,
123,CCCCCC(C(=O)OC(=O)C(CCCCC)C)C,46779060,CCCCCC(C)C(=O)OC(=O)C(C)CCCCC,,270.413,25396835,,,,,
412,OCCCCCCCCCCCC(C)C,10878533,CC(C)CCCCCCCCCCCO,,214.393,25396876,,,,,
154,CCCCCCCCCCCC(=O)OCCC(C)C,61386,CCCCCCCCCCCC(=O)OCCC(C)C,,270.457,25402732,0.01000,fridge,,,
185,CCOC(=O)c1ccc(c(c1)C)I,70333377,CCOC(=O)C1=CC(=C(C=C1)I)C,,290.1,25402817,,,,,
239,CCOC(=O)CCCCCCCC(=O)CC(=O)OCC,14006764,CCOC(=O)CCCCCCCC(=O)CC(=O)OCC,,286.368,25402820,,,,,
235,CCOC(=O)CCCCCC(=O)CC(=O)OCC,14006762,CCOC(=O)CCCCCC(=O)CC(=O)OCC,,258.314,25402912,,,,,
238,CCOC(=O)CCCCCCC(=O)CC(=O)OCC,14006763,CCOC(=O)CCCCCCC(=O)CC(=O)OCC,,272.341,25402964,,,,,
183,CCOC(=O)c1cc(C)ccc1I,44118833,CCOC(=O)C1=C(C=CC(=C1)C)I,,290.1,25403205,,,,,
229,CCOC(=O)CCCCC(=O)CC(=O)OCC,14006760,CCOC(=O)CCCCC(=O)CC(=O)OCC,,244.287,25403211,,,,,
403,OCCCC1=CCC=CC1,20402847,C1C=CCC(=C1)CCCO,,138.21,25404422,,,,,
408,OCCCCCCCC/C=C\CCCCCCCCO,87212466,C(CCCCO)CCCC=CCCCCCCCCO,,284.484,26669941,0.01310,,,,
406,OCCCCCCC/C=C\CCCCCCCO,11832052,C(CCCC=CCCCCCCCO)CCCO,,256.43,26669942,0.01290,,,,
30,CC([C@@H]1CC[C@]2([C@H](C1)[C@@](C)(O)CCC2)C)(O)C,10879263,CC12CCCC(C1CC(CC2)C(C)(C)O)(C)O,,240.387,26674265,,,,,
244,COC(=O)c1c(C)cccc1c1ccccc1,14663182,CC1=CC=CC(=C1C(=O)OC)C2=CC=CC=C2,,226.275,26674461,0.01000,,,,
275,N#CC1(C)CC(O)CC(C1)(C)C,10583216,CC1(CC(CC(C1)(C)C#N)O)C,,167.252,26675742,,,,,
,,,,,,,,,,,
,,,,,,,216.00000,,,,
,,,,,,,200.00000,,,,