,Material,Name,Chemical.group,Phase,CAS,CASNO2,CASNO3,csid,MW,SMILE
0,660002,ACETANISOLE CRYST.,KETONE,S,100-06-1,,,13835344,150.1745,CC(=O)c1ccc(cc1)OC
1,104084,ACETYL METHYL ANTHRANILATE N,ESTER,S,8/6/19,,,16658,193.1992,CC(=O)Nc1ccccc1C(=O)OC
2,130001,ACETYL METHYL CARBINOL NAT.,KETONE,S,513-86-0,,,21105851,88.1051,CC(C(=O)C)O
3,661269,AGRUMEX HC,ESTER,,20298-69-5,88-41-5,,19972625,198.3019,CC(=O)O[C@H]1CCCC[C@H]1C(C)(C)C
4,600278,AGRUMEX LC,ESTER,,20298-69-5,88-41-5,,19972625,198.3019,CC(=O)O[C@H]1CCCC[C@H]1C(C)(C)C
5,131081,AGRUNITRIL,NITRILE,,51566-62-2,,,2297857,151.24868,CC(CCC=C(C)C)CC#N
6,103023,ALCOHOL C13 OXO,ALCOHOL,,68526-86-3,,,31213,200.3608,CC(C)CCCCCCCCCCO
7,103798,ALDEHYDE C 9,ALDEHYDE,,124-19-6,,,29029,142.2386,CCCCCCCCC=O
8,130463,ALDEHYDE C11 ISO,ALDEHYDE,,1337-83-3,,,16215641,170.2918,CC(C)CCCCCCCC=O
9,656012,ALDEHYDE C11 MOA,ALDEHYDE,,19009-56-4,,,27316,170.2918,CCCCCCCCC(C)C=O
10,130877,ALDEHYDE C11 UNDECYLENIC,ALDEHYDE,,112-45-8,,,7895,168.2759,C=CCCCCCCCCC=O
11,130030,ALDEHYDE C12 LAURIC,ALDEHYDE,,112-54-9,,,7902,184.3184,CCCCCCCCCCCC=O
12,656021,ALDEHYDE C12 MNA,ALDEHYDE,,110-41-8,,,54990,184.3184,CCCCCCCCCC(C)C=O
13,173437,ALDEHYDE C14 SO CALLED NAT.,LACTONE,,104-67-6,,,13352554,182.2594,CCCCCCCC1=CCC(=O)O1
14,606009,ALDEHYDE C14 SO-CALLED,LACTONE,,104-67-6,,,13352554,182.2594,CCCCCCCC1=CCC(=O)O1
15,106182,ALDEHYDE C16 SO-CALLED,ESTER,,77-83-8,,,5361571,206.2378,O=C(OCC)[C@H]2O[C@@]2(c1ccccc1)C
16,103866,ALDEHYDE C18 SO-CALLED,LACTONE,,104-61-0,,,9270017,156.2221,CCCCC[C@@H]1CCC(=O)O1
17,103190,ALDRONå,KETONE,,68901-22-4,,,57523903,234.377,CC1CC(CCC1=O)C2C3CCC(C3)C2(C)C
18,131381,ALLYL AMYL GLYCOLATE,ESTER,,67634-00-8,,,57425660,172.2215,CCCCOCC(=O)OCC=C
19,130190,ALLYL IONONE,KETONE,,79-78-7,,,4517909,232.3612,CC1=CCCC(C1/C=C/C(=O)CCC=C)(C)C
20,690394,ALLYL PHENOXY ACETATE,ESTER,,7493-74-5,,,22542,192.2112,C=CCOC(=O)COc1ccccc1
21,197007,AMAROCITå,ACETAL,,67674-46-8,,,57575555,212.3285,CCCC/C=C/C=C/C(OCC)OCC
22,105863,AMBER CORE,ALCOHOL,,139504-68-0,,,34991162,228.3709,CC[C@H](CO[C@@H]1CCCC[C@H]1C(C)(C)C)O
23,600113,AMBERWOODå F,ACETAL,,58567-11-6,,,84932,242.3975,CCOCOC1CCCCCCCCCCC1
24,198047,AMBREIN,ALCOHOL,,8016-26-0,89997-74-0,,10275828,428.7333,C/C(=C\CC[C@H]1[C@@](CC[C@@H]2[C@@]1(CCC[C@]2(C)C)C)(O)C)/CC[C@H]3[C@@](CCCC3=C)(C)C
25,140022,AMBRETTOLIDE,LACTONE,,28645-51-4,,,10025696,252.3923,C1CCC/C=C/CCCCCCOC(=O)CCC1
26,105158,AMBRINOL,ALCOHOL,,41199-19-3,,,142636,194.3132,CC1(CCC=C2C1CCC(C2)(C)O)C
27,690993,AMBRINOL S,ALCOHOL,,31499-72-6,41199-19-3,,34993434,194.3132,CC1=CCCC([C@@H]1CCC(=O)C)(C)C
28,903865,AMBROSTAR,ACETAL,,1357064-95-9,,,0,0,0
29,103959,AMBROXIDE,ETHER,S,6790-58-5,,,96437,236.3929,CC1(CCCC2(C1CCC3(C2CCO3)C)C)C
30,104591,AMYL CINNAMIC ALDEHYDE ALPHA,ALDEHYDE,,122-40-7,,,1302718,202.2921,CCCCC/C(=C\c1ccccc1)/C=O
31,131277,ANDRANE,ETHER,,13567-39-0,,,109230,220.3505,CC1CCC2C13CC(C2(C)C)C4(C(C3)O4)C
32,611049,ANISYL ACETATE,ESTER,,104-21-2,,,58107141,198.2158,CC(=O)O.COc1ccc(cc1)CO
33,654001,ANISYL ALCOHOL,ALCOHOL,S,105-13-5,,,21105859,138.1638,COc1ccc(cc1)CO
34,131139,ANTHER,ETHER,,56011-02-0,,,83048,192.2973,CC(C)CCOCCc1ccccc1
35,103627,APHERMATE,ESTER,,25225-08-5,,,82474,184.2753,CC(C1CCCC(C1)(C)C)OC=O
36,600038,APRIFLORENå,LACTONE,,67663-01-8,,,96085,184.2753,CCCCCCC1C(CC(=O)O1)C
37,600098,AURELIONEå,KETONE,,2550-59-6,3100-36-5,88642-03-9,20141547,236.3929,C1CCCCC(=O)CCCCC/C=C/CCC1
38,103449,AZARBRE,KETONE,,68845-36-3,,,19977619,180.2866,CCC1=C(C(CCC1=O)(C)C)CC
39,600127,BELANISå,KETONE,,1447712-18-6,,,45891873,152.2334,CCCC1CC=C(C(=O)C1)C
40,164902,BENZO NITRILE,NITRILE,,100-47-0,,,7224,103.1213,c1ccc(cc1)C#N
41,162078,BENZOIC ACID,ACID,,65-85-0,,,238,122.1213,c1ccc(cc1)C(=O)O
42,660032,BENZOPHENONE CRYST.,KETONE,S,119-61-9,,,2991,182.2179,c1ccc(cc1)C(=O)c2ccccc2
43,600624,BENZYL ACETONE,KETONE,,2550-26-7,,,16422,148.2017,CC(=O)CCc1ccccc1
44,600040,BENZYL BENZOATE M,ESTER,,120-51-4,,,13856959,212.2439,c1ccc(cc1)COC(=O)c2ccccc2
45,103937,BENZYL BUTYRATE,ESTER,,103-37-7,,,7367,178.2277,CCCC(=O)OCc1ccccc1
46,613057,BENZYL CINNAMATE,ESTER,S,103-41-3,,,4437893,238.2812,c1ccc(cc1)COC(=O)/C=C/c2ccccc2
47,613065,BENZYL FORMATE,ESTER,,104-57-4,,,7422,136.1479,c1ccc(cc1)COC=O
48,104495,BENZYL ISOBUTYRATE,ESTER,,103-28-6,,,7363,178.2277,CC(C)C(=O)OCc1ccccc1
49,162067,BENZYL ISOEUGENOL,ETHER,S,120-11-6,,,55005,254.3236,CC=Cc1ccc(c(c1)OC)OCc2ccccc2
50,104576,BENZYL ISOVALERATE,ESTER,,103-38-8,,,16344000,191.2468,CC(C)C(Cc1ccccc1)C(=O)[O-]
51,105497,BENZYL PHENYLACETATE,ESTER,,102-16-9,,,5323214,225.26252,[O-]C(=O)CC(c1ccccc1)c2ccccc2
52,660408,BENZYL SALICYLATE,ESTER,,118-58-1,,,8060,228.2433,c1ccc(cc1)COC(=O)c2ccccc2O
53,601764,BETA NAPTHYL ISO BUTYL ETHER,ETHER,S,2173-57-1,,,206689,200.2762,CC(C)COc1cccc2c1cccc2
54,106105,BIGARADE OXIDE,ETHER,,72429-08-4,,,17334119,194.3132,CC1=C(CC2COC(CC2C1)(C)C)C
55,195832,BOISIRIS,ETHER,,68845-00-1,,,31042922,222.3663,CCO[C@]1(CC[C@@H]2C(=C)[C@H]1CCC2(C)C)C
56,129858,BORNAFIX,ALCOHOL,,128119-70-0,,,14285665,226.355,CC(CO)COC1CC2CCC1(C2(C)C)C
57,130138,BORNYL ACETATE L CRYST.,ESTER,,5655-61-8,,,83962,196.286,CC(=O)O[C@@H]1C[C@@H]2CC[C@]1(C2(C)C)C
58,690997,BORONAL,ALDEHYDE,,3155-71-3,,,16435206,27.8183,B=O
59,131249,BOURGEONAL,ALDEHYDE,,18127-01-0,,,58364,190.2814,CC(C)(C)c1ccc(cc1)CCC=O
60,195583,BUCCOXIMEå,OXIME,,75147-23-8,,,212785,350.3282,c1ccc(cc1)N(c2ccccc2)Nc3ccc(cc3[N+](=O)[O-])[N+](=O)[O-]
61,130149,BUTYL ACETATE,ESTER,,123-86-4,,,29012,116.1583,CCCCOC(=O)C
62,131339,BUTYL BUTYRYL LACTATE,ESTER,,7492-70-8,,,32786871,216.2741,CCCCOC(=O)[C@@H](C)OC(=O)CCC
63,164709,BUTYL CYCLOHEXANOL PARA-TERT.,ALCOHOL,S,98-52-2,,,7113,156.2652,CC(C)(C)C1CCC(CC1)O
64,104625,BUTYL CYCLOHEXANON PARA-TERT.,KETONE,S,98-53-3,,,7114,154.2493,CC(C)(C)C1CCC(=O)CC1
65,197017,BUTYL QUINOLINE-6-SEC.(PYRALONE),HETEROCYCLIC,,65442-31-1,,,93359,185.2649,CCC(C)c1ccc2c(c1)cccn2
66,131437,CALONE,KETONE,S,28940-11-6,,,107218,178.1846,Cc1ccc2c(c1)OCC(=O)CO2
67,164178,CAMPHENE,HYDROCARBON,S,79-92-5,,,83259,136.234,CC1([C@@H]2CC[C@@H](C2)C1=C)C
68,130465,CAMPHOR DL,KETONE,S,76-22-2,,,392267,152.2334,C[C@]12CC[C@H](C1(C)C)CC2=O
69,904679,CAMPHOR DL FG (ORAL CARE & FRA USE ONLY),KETONE,S,76-22-2,,,392267,152.2334,C[C@]12CC[C@H](C1(C)C)CC2=O
70,131501,CANTHOXAL,ALDEHYDE,,6/6/62,,,58345,178.2277,CC(Cc1ccc(cc1)OC)C=O
71,100205,CANTRYLå,NITRILE,,15373-31-6,,,10302378,138.2499,CC1(C)C(/C)=C\CC1CC
72,660534,CARVACROL,PHENOL,,499-75-2,,,26051340,151.1842,CNC(=O)CS(=O)(=O)C
73,106811,CARVONE D NAT.,KETONE,,2244-16-8,,,21475139,228.2053,c1nc(nc(=O)n1[C@H]2C[C@H]([C@H](O2)CO)O)N
74,130178,CARVONE L,KETONE,,6485-40-1,,,21106424,150.2176,CC1=CCC(CC1=O)C(=C)C
75,611499,CARYOPHYLLENE ACETATE,ESTER,,57082-24-3,,,55961,264.403,CC(=O)OC12CCCC(C1)(CCC3C2CC3(C)C)C
76,690012,CARYOPHYLLENE NAT. RECT.,HYDROCARBON,,87-44-5,,,28473589,204.3511,C/C/1=C/CCC(=C)C2CC([C@@H]2CC1)(C)C
77,198024,CASHMERAN,KETONE,S,33704-61-9,,,32787248,206.3239,C[C@H]1C(C2=C(C1(C)C)C(=O)CCC2)(C)C
78,658615,CASSIONE,KETONE,S,55418-52-5,,,55934,192.2112,CC(=O)CCc1ccc2c(c1)OCO2
79,131288,CEDRAMBER,ETHER,,19870-74-7,,,21160668,236.3929,CC1CCC2C13CCC(C(C3)C2(C)C)(C)OC
80,130188,CEDROL CRIST.,ALCOHOL,S,77-53-2,,,59018,222.3663,C[C@@H]1CC[C@@H]2[C@]13CC[C@@]([C@H](C3)C2(C)C)(C)O
81,197011,CEDROXID,ETHER,,71735-79-0,,,5021071,220.3505,C/C/1=C/CCC2(C(O2)CC/C(=C\CC1)/C)C
82,131278,CEDRYL ACETATE,ESTER,,77-54-3,,,29415663,264.403,C[C@@H]1CC[C@@H]2[C@]13CC[C@@]([C@@H](C3)C2(C)C)(C)OC(=O)C
83,130185,CEDRYL ACETATE CRYST.,ESTER,S,77-54-3,,,29415663,264.403,C[C@@H]1CC[C@@H]2[C@]13CC[C@@]([C@@H](C3)C2(C)C)(C)OC(=O)C
84,105655,CETALOX,ETHER,S,3738-00-9,,,9282502,236.3929,O2CC[C@H]3[C@@]1(C(C(CCC1)(C)C)CC[C@@]23C)C
85,105253,CETONAL,ALDEHYDE,,65405-84-7,,,503408,208.3398,CC1=C(C(CCC1)(C)C)CCC(C)C=O
86,103631,CETONE ALPHA,KETONE,,127-51-5,,,4522510,206.3239,CC1=CCCC(C1/C=C(\C)/C(=O)C)(C)C
87,600144,CHRYSANTHEME,KETONE,,69929-17-5,,,100566,194.3132,CC1C=C(CCC1C(=O)C(C)(C)C)C
88,600474,CINAROL,ALCOHOL,,1504-55-8,,,4575656,148.2017,C/C(=C\CO)/c1ccccc1
89,654060,CINNAMIC ALCOHOL,ALCOHOL,S,104-54-1,,,21105870,134.1751,c1ccc(cc1)/C=C/CO
90,654040,CINNAMIC ALDEHYDE,ALDEHYDE,,104-55-2,,,553117,132.1592,c1ccc(cc1)/C=C/C=O
91,611105,CINNAMYL ACETATE,ESTER,,103-54-8,,,7377,176.2118,CC(=O)OC/C=C/c1ccccc1
92,103394,CINNAMYL ISOBUTYRATE,ESTER,,103-59-3,,,4511740,204.2649,CC(C)C(=O)OC/C=C/c1ccccc1
93,131345,CINNAMYL NITRILE,NITRILE,,1885-38-7,,,1361450,129.1586,c1ccc(cc1)/C=C\C#N
94,658620,CISTULATE 09126,ESTER,,52557-97-8,,,32814825,182.2594,CC1([C@@H]2CC[C@@H](C2)C1C(=O)OC)C
95,157503,CITRAL 95,ALDEHYDE,,5392-40-5,,,23254572,174.2805,CC(C)C(CCC(C)C(C)O)O
96,690127,CITRAL DIETHYL ACETAL,ACETAL,,7492-66-2,,,4517739,226.355,CCOC(/C=C(\C)/CCC=C(C)C)OCC
97,164229,CITRIC ACID MONOHYDRATE MSF,ACID,S,5949-29-1,77-92-9,,20872,210.1388,C(C(=O)O)C(CC(=O)O)(C(=O)O)O.O
98,601344,CITRONELLAL NAT. SUPRA,ALDEHYDE,,106-23-0,,,8278890,154.2493,O=CC(CCC/C=C(/C)C)C
99,188285,CITRONELLAL SYNTH.,ALDEHYDE,,106-23-0,,,8278890,154.2493,O=CC(CCC/C=C(/C)C)C
100,106184,CITRONELLOL 950,ALCOHOL,,106-22-9,,,13850135,156.2652,CC(CCC=C(C)C)CCO
101,106216,CITRONELLYL ACETATE EXTRA,ESTER,,150-84-5,,,8667,198.3019,CC(CCC=C(C)C)CCOC(=O)C
102,103596,CITRONELLYL BUTYRATE,ESTER,,141-16-2,,,8503,226.355,CCCC(=O)OCCC(C)CCC=C(C)C
103,103597,CITRONELLYL FORMATE,ESTER,,105-85-1,,,58107148,202.2906,CC(CCC=C(C)C)CCO.C(=O)O
104,131120,CITRONELLYL ISOBUTYRATE,ESTER,,97-89-2,,,54946,226.355,CC(C)C(=O)OCCC(C)CCC=C(C)C
105,103598,CITRONELLYL PROPIONATE,ESTER,,141-14-0,,,34987727,212.3285,CCC(=O)OCC[C@H](C)CCC=C(C)C
106,104083,CITRONELLYL TIGLATE,ESTER,,24717-85-9,,,30771723,238.3657,C/C=C(\C)/C(=O)OCC[C@H](C)CCC=C(C)C
107,611455,CITRONITRILE,NITRILE,,53243-59-7,53243-60-0,93893-89-1,1154998,171.2383,C/C(=C/C#N)/CCc1ccccc1
108,103593,CITROWANILå B,NITRILE,,97384-48-0,,,4576366,171.2383,CC(Cc1ccccc1)(C=C)C#N
109,690980,CITRYLAL,ACETAL,,147060-73-9,90480-35-6,,8511,152.2334,CC(=CCC/C(=C/C=O)/C)C
110,103080,CIVETONE,KETONE,S,542-46-1,,,34451717,250.4195,C1CCCCC(=O)CCCCCCC=CCCC1
111,600285,CLARITONEå,KETONE,,74338-72-0,,,7991177,182.3025,O=C(C(C)C)C(C/C=C(/C)C)(C)C
112,198046,CLONAL,NITRILE,,2437-25-4,,,16177,181.3177,CCCCCCCCCCCC#N
113,105136,CORPS EGLANTINE,ETHER,,64988-06-3,,,102427,239.1587592,C1CNCCC1(C(F)(F)F)C(F)(F)F.O
114,600164,CORPS RACINE,HETEROCYCLIC,,2110-18-1,,,404399,197.2756,c1ccc(cc1)CCCc2ccccn2
115,130217,COUMARIN,LACTONE,S,91-64-5,,,13848793,146.1427,c1ccc2c(c1)ccc(=O)o2
116,600303,COUMARONE,KETONE,S,1646-26-0,,,14690,160.1693,CC(=O)c1cc2ccccc2o1
117,104087,CRESYL ACETATE PARA,ESTER,,140-39-6,,,21106001,150.1745,Cc1ccc(cc1)OC(=O)C
118,104088,CRESYL CAPRYLATE PARA,ESTER,,59558-23-5,,,39230,234.334,CCCCCCCC(=O)Oc1ccc(cc1)C
119,198026,CRESYL ISOBUTYRATE PARA,ESTER,,103-93-5,,,11285196,176.2548,Cc1ccc(cc1)CC(=O)C(C)C
120,613754,CRESYL METHYL ETHER P(CR<10 PPM),ETHER,,104-93-8,,,15140423,226.3135,Cc1ccc(c(c1)C)Oc2ccc(cc2C)C
121,660314,CRESYL METHYL ETHER PARA,ETHER,,104-93-8,,,15140423,226.3135,Cc1ccc(c(c1)C)Oc2ccc(cc2C)C
122,131022,CRESYL PHENYL ACETATE PARA,ESTER,S,101-94-0,,,54958,226.2705,Cc1ccc(cc1)OC(=O)Cc2ccccc2
123,131180,CUMINIC ALCOHOL,ALCOHOL,,536-60-7,,,28591566,479.9077,CCCCCCCCCCCCCCCCC(C)(CCCCCCCCCCCCCCC)N
124,164812,CUMINIC ALDEHYDE,ALDEHYDE,,122-03-2,,,21106431,148.2017,CC(C)c1ccc(cc1)C=O
125,659576,CUMINIC NITRILE,NITRILE,,13816-33-6,,,226782,145.201,CC(C)c1cccc(c1)C#N
126,103303,CYCLABUTE,ESTER,,67634-20-2,68039-39-4,,96077,220.3074,CC(C)C(=O)OC1CC2CC1C3C2CC=C3
127,130935,CYCLAMEN ALDEHYDE,ALDEHYDE,,103-95-7,,,451801,190.2814,CC(C)c1ccc(cc1)CC(C)C=O
128,903737,CYCLEMAX,ALDEHYDE,,7775-00-0,,,56405,176.2548,CC(C)c1ccc(cc1)CCC=O
129,131325,DIBUTYL SULFIDE,ETHER,,544-40-1,,,10536,146.2935,CCCCSCCCC
130,660556,DIHYDRO ANETHOLE,ETHER,,104-45-0,,,13850344,150.2176,CCCc1ccc(cc1)OC
131,103574,DIHYDRO IONONE BETA,KETONE,,17283-81-7,,,453036,194.3132,CC1=C(C(CCC1)(C)C)CCC(=O)C
132,130253,DIHYDRO JASMONE,KETONE,,1128-08-1,,,56166,166.26,CCCCCC1=C(CCC1=O)C
133,103011,DIHYDRO MYRCENOL,ALCOHOL,,18479-58-8,,,27067,156.2652,CC(CCCC(C)(C)O)C=C
134,601343,DIHYDRO MYRCENYL ACETATE,ESTER,,53767-93-4,,,93738,198.3019,CC(CCCC(C)(C)OC(=O)C)C=C
135,600515,DIHYDROAMBRETTOLIDE,LACTONE,S,109-29-5,,,7695,254.4082,C1CCCCCCCC(=O)OCCCCCCC1
136,131143,DIHYDROCARVYL ACETATE,ESTER,,20777-49-5,,,28089,196.286,CC1CCC(CC1OC(=O)C)C(=C)C
137,130941,DIMETHYL ANTHRANILATE EXTRA,ESTER,,85-91-6,,,21108245,165.1891,CNc1ccccc1C(=O)OC
138,130255,DIMETHYL BENZYL CARBINOL,ALCOHOL,,100-86-7,,,7250,150.2176,CC(C)(Cc1ccccc1)O
139,130254,DIMETHYL BENZYL CARBINYL ACETATE,ESTER,,151-05-3,,,76389,257.28626,CCN(CCO)c1ccc(c(c1)C)N.[N+](=O)(O)[O-]
140,903930,DIMETHYL BENZYL CARBINYL ACETATE FG,ESTER,,151-05-3,,,76389,257.28626,CCN(CCO)c1ccc(c(c1)C)N.[N+](=O)(O)[O-]
141,903994,DIMETHYL BENZYL CARBINYL BUTYRAT FG,ESTER,,10094-34-5,,,23294,220.3074,CCCC(=O)OC(C)(C)Cc1ccccc1
142,104283,DIMETHYL BENZYL CARBINYL BUTYRATE,ESTER,,10094-34-5,,,23294,220.3074,CCCC(=O)OC(C)(C)Cc1ccccc1
143,131314,"DIMETHYL ETHYL PYRAZINE-3,5(6),2",HETEROCYCLIC,,27043-05-6,,,17347410,272.3886,CCc1c(ncc(n1)C)C.CCc1c(nc(cn1)C)C
144,103067,DIMETHYL HYDROQUINONE,ETHER,S,150-78-7,,,21105878,138.1638,COc1ccc(cc1)OC
145,902804,DIMETHYL OCTENONE,KETONE,,2550-11-0,,,183057,192.2973,CCCCc1cccc(c1O)CCC
146,699708,DIOCTYL ADIPATE,ESTER,,103-23-1,,,32787426,370.5665,CCCC[C@@H](CC)COC(=O)CCCCC(=O)OC[C@H](CC)CCCC
147,658651,DIOLA,ETHER,,7/3/47,,,70849,116.2013,CCCCCCOC
148,104099,DIPHENYL METHANE,HYDROCARBON,,101-81-5,,,7299,168.2344,c1ccc(cc1)Cc2ccccc2
149,130273,DIPHENYL OXIDE,ETHER,,101-84-8,,,7302,170.2072,c1ccc(cc1)Oc2ccccc2
150,160102,DIPROPYLENE GLYCOL,ALCOHOL,,25265-71-8,,,23078620,146.2273,CC=C.CC=C.C(CO)O
151,657948,"DODECADIENAL 2,6",ALDEHYDE,,21662-13-5,,,4936098,180.2866,CCCCC/C=C\CC/C=C/C=O
152,130286,DODECALACTONE DELTA,LACTONE,,713-95-1,,,5028522,198.3019,CCCCCCC[C@H]1CCCC(=O)O1
153,690750,DODECALACTONE GAMMA,LACTONE,,5/7/05,,,15940,198.3019,CCCCCCCCC1CCC(=O)O1
154,131469,DODECENAL TRANS-2,ALDEHYDE,,20407-84-5,,,4446482,182.30248,CCCCCCCCC/C=C/C=O
155,178583,DOWANOL DPM,ETHER,,34590-94-8,,,17215460,148.2001,CCC(O)OCCCOC
156,107231,DOWANOL TPM,ETHER,,25498-49-1,,,30564,206.2793,CC(CO)OC(C)COC(C)COC
157,198072,DUPICAL,ALDEHYDE,,30168-23-1,,,21229677,204.308,C1CC2C(C1)C3CC2CC3=CCCC=O
158,100202,DYNASCONE,KETONE,,56973-85-4,,,83599,192.2973,CC1(CCC=C(C1)C(=O)CCC=C)C
159,105703,EBANOL,ALCOHOL,,67801-20-1,,,21162396,208.3398,CC1=CCC(C1(C)C)C=CC(C)C(C)O
160,103853,ELINTAL FORTE,ACETAL,,40910-49-4,,,5429330,226.355,O=C1OCCCCCCCCCCC[C@@H]1C
161,130298,ETHYL ACETATE,ESTER,,141-78-6,,,8525,88.1051,CCOC(=O)C
162,164019,ETHYL ACETOACETATE,ESTER,,141-97-9,,,13865426,130.1418,CCOC(=O)CC(=O)C
163,105384,ETHYL BENZOYL ACETATE,ESTER,,94-02-0,,,234069,198.2588,CCOC(=O)CC(=O)C1CCCCC1
164,660448,ETHYL CINNAMATE,ESTER,,103-36-6,,,26403950,313.3694,CCOC(=O)c1ccc(cc1N2CCOCC2)S(=O)(=O)C
165,131245,"ETHYL DECADIENOATE TRANS CIS-2,4",ESTER,,3025-30-7,,,4444602,196.286,CCCCC/C=C\C=C\C(=O)OCC
166,131130,ETHYL ISOBUTYRATE,ESTER,,97-62-1,,,7065,116.1583,CCOC(=O)C(C)C
167,130601,ETHYL LACTATE,ESTER,,97-64-3,,,13837423,118.1311,CCOC(=O)C(C)O
168,104760,ETHYL LAURATE,ESTER,,106-33-2,,,7512,228.3709,CCCCCCCCCCCC(=O)OCC
169,131323,ETHYL LINALOOL,ALCOHOL,,10339-55-6,,,57575556,182.3025,CC/C=C/C(C)(CCC=C(C)C)O
170,105874,ETHYL LINALYL ACETATE,ESTER,,61931-80-4,,,21161945,210.3126,CCC(=CCCC(C)(C=C)OC(=O)C)C
171,131471,ETHYL LINOLEATE,ESTER,,544-35-4,,,4445379,308.49864,CCCCC/C=C\C/C=C\CCCCCCCC(=O)OCC
172,116165,ETHYL MALTOL,KETONE,S,11/8/40,,,19804,140.1366,CCc1c(c(=O)cco1)O
173,611402,ETHYL METHYL BUTYRATE-2,ESTER,,7452-79-1,,,28595366,316.3351,CCOC(=O)c1cnc([nH]c1=O)Nc2nc3ccccc3s2
174,105951,ETHYL PHENYL ACETATE,ESTER,,101-97-3,,,23621260,210.2695,CCOCC.c1ccc(cc1)CC(=O)O
175,103250,ETHYL PROPIONATE,ESTER,,105-37-3,,,7463,102.1317,CCC(=O)OCC
176,131421,ETHYL RICINOLEATE,ESTER,,55066-53-0,,,29355624,326.5139,CCCCCC[C@H](C/C=C/CCCCCCCC(=O)OCC)O
177,105543,ETHYL SALICYLATE,ESTER,,118-61-6,,,21105897,166.1739,CCOC(=O)c1ccccc1O
178,130141,ETHYL VANILLIN,ALDEHYDE,S,121-32-4,,,8154,166.1739,CCOc1cc(ccc1O)C=O
179,130966,ETHYLENE BRASSYLATE,ESTER,,105-95-3,,,54974,270.3645,C1CCCCCC(=O)OCCOC(=O)CCCCC1
180,608025,EUGENOL NAT.,PHENOL,,97-53-0,,,13876103,164.2011,COc1cc(ccc1O)CC=C
181,131135,EUGENYL ACETATE,ESTER,,93-28-7,,,6869,206.2378,CC(=O)Oc1ccc(cc1OC)CC=C
182,131176,EVERNYL,ESTER,S,4707-47-5,,,70804,196.1999,Cc1cc(c(c(c1C(=O)OC)O)C)O
183,101800,EXALTENONE 942008,KETONE,S,14595-54-1,35720-57-1,,4896164,222.3663,C1CCCCCC(=O)CC/C=C\CCCC1
184,120648,EXOVERT HIGH IMPACT,ESTER,,37172-53-5,,,34995989,226.312,CCCCCC[C@@H]1[C@H](CCC1=O)C(=O)OC
185,656019,FARENALå,ALDEHYDE,,141-13-9,,,88859,210.3556,CC(CCCC(C)C=O)CCC=C(C)C
186,130329,FARNESOL,ALCOHOL,,4602-84-0,,,392816,222.3663,CC(=CCC/C(=C/CC/C(=C/CO)/C)/C)C
187,131317,FENCHOL,ALCOHOL,S,1632-73-1,,,14665,154.2493,CC1(C2CCC(C2)(C1O)C)C
188,130337,FENCHYL ACETATE,ESTER,,13851-11-1,,,96486,196.286,CC(=O)OC1C(C2CCC1(C2)C)(C)C
189,690986,FILBERTONE,KETONE,,81925-81-7,,,35013882,126.1962,CCC(C)C(=O)/C=C\C
190,100188,FLEURANIL,NITRILE,,134123-93-6,,,144100,187.2808,CCc1ccc(cc1)CC(C)(C)C#N
191,643592,FLORAL SUPER,ALDEHYDE,,71077-31-1,,,21168193,180.2866,CC(CCC=C(C)CCC=O)C=C
192,106597,FLORHYDRAL,ALDEHYDE,,125109-85-5,,,77763,190.2814,CC(C)c1cccc(c1)C(C)CC=O
193,690307,FLOROPAL,ACETAL,,5182-36-5,,,641750,218.6424,c1cc(cc(c1)Cl)n2c(c(cn2)C#N)N
194,103519,FLOROSA,ALCOHOL,,63500-71-0,,,2285174,172.2646,CC(C)CC1CC(CCO1)(C)O
195,903971,FLOROSA BM / PYRANOL,ALCOHOL,,63500-71-0,,,2285174,172.2646,CC(C)CC1CC(CCO1)(C)O
196,103822,FRAGOLANEå,ESTER,,6290-17-1,,,5362401,188.2209,O=C(OCC)C[C@@]1(OC[C@@H](O1)C)C
197,131479,FRAMBINONå METHYL ETHER,KETONE,,104-20-1,,,2015027,103.1429,C1COC(=S)N1
198,103208,FREESIOL / CORPS 119,ALCOHOL,,13254-34-7,,,75130,144.2545,CC(C)CCCC(C)(C)O
199,600165,FRESCOLATå MGA,ACETAL,,63187-91-7,,,34987393,228.3279,C[C@H]1CC[C@@H]([C@]2(C1)OC[C@H](O2)CO)C(C)C
200,131156,FRESCOMENTHE,KETONE,,14765-30-1,,,5360744,154.2493,O=C1CCCC[C@H]1[C@H](CC)C
201,639794,FRUCTATEå,ESTER,,155514-23-1,,,0,0,0
202,106156,FRUITATE,ESTER,,129520-41-8,80623-07-0,80657-64-3,138471,208.2967,CCOC(=O)[C@@]12CCC[C@@H]1[C@H]3CC[C@@H]2C3
203,611400,FRUTINAT,ESTER,,35206-51-0,,,21229949,170.2487,CC=CC(=O)OC(C)CC(C)C
204,172379,FRUTONILE,NITRILE,,69300-15-8,,,2285556,167.29114,CCCCCCCCC(C)C#N
205,600291,FURAMINTON/TONKALACTONEé,LACTONE,,65817-24-5,,,34986275,162.1852,Cc1ccc2c(c1)OC(=O)[C@@H]2C
206,131225,FURANEOL,ALCOHOL,S,3658-77-3,,,18218,128.1259,CC1C(=O)C(=C(O1)C)O
207,130354,FURFURYL MERCAPTAN,ESTER,,98-02-2,,,7085,114.1655,c1cc(oc1)CS
208,659519,FURFURYL PYRROLE,HETEROCYCLIC,,1438-94-4,,,28945393,149.1897,c1ccn(c1)CC2=CCCO2
209,197635,GALBASCONE,KETONE,,56973-85-4,,,83599,192.2973,CC1(CCC=C(C1)C(=O)CCC=C)C
210,105864,GARDAMIDE,AMIDE,,84434-18-4,,,143374,191.2695,CCC(C)C(=O)N(C)c1ccccc1
211,103908,GERANIOL SUPER,ALCOHOL,,106-24-1,,,13849989,154.2493,CC(=CCC/C(=C/CO)/C)C
212,106215,GERANYL ACETATE PURE,ESTER,,105-87-3,,,1266019,196.286,CC(=CCC/C(=C/COC(=O)C)/C)C
213,104269,GERANYL ACETONE SYNTH.,KETONE,,3796-70-1,,,1266569,194.3132,CC(=CCC/C(=C/CCC(=O)C)/C)C
214,103599,GERANYL BUTYRATE,ESTER,,106-29-6,,,218979,339.2507,CCCOc1ccc(nn1)SCc2ccc(cc2)Br
215,105471,GERANYL FORMATE,ESTER,,105-86-2,,,58107147,200.2747,CC(=CCC/C(=C/CO)/C)C.C(=O)O
216,131112,GERANYL ISOBUTYRATE,ESTER,,2345-26-8,,,4803060,224.3392,CC(C)C(=O)OC/C=C(\C)/CCC=C(C)C
217,131131,GERANYL ISOVALERATE,ESTER,,109-20-6,,,4515295,238.3657,CC(C)CC(=O)OC/C=C(\C)/CCC=C(C)C
218,601133,GERANYL METHYL ETHER,ETHER,,2565-82-4,,,57575558,168.2759,CCC(=CCC/C(=C/CO)/C)C
219,103600,GERANYL PHENYLACETATE,ESTER,,102-22-7,,,4517973,272.382,CC(=CCC/C(=C/COC(=O)Cc1ccccc1)/C)C
220,131093,GERANYL PROPIONATE,ESTER,,105-90-8,,,4511742,210.3126,CCC(=O)OC/C=C(\C)/CCC=C(C)C
221,103203,GERANYL TIGLATE,ESTER,,7785-33-3,,,4519264,236.3499,C/C=C(\C)/C(=O)OC/C=C(\C)/CCC=C(C)C
222,103117,GIVESCONE,ESTER,,57934-97-1,77851-07-1,,17461884,210.3126,CC1C=C([C@@H]2C([C@@]1(COC2C)CO)C)C
223,106114,GLOBALIDEå,LACTONE,,111879-80-2,34902-57-3,,9783147,238.3657,O=C1OCCC\C=C/CCCCCCCCC1
224,600317,GLOBANONEå,KETONE,S,3100-36-5,,,4895976,236.3929,C1CCC/C=C/CCCCCCC(=O)CCC1
225,199083,GLYCOLIERRAL,ACETAL,,68901-32-6,,,17461618,238.3657,CCCC1[C@@H]2C([C@](CO1)(C(C=C2C)C)CO)C
226,199085,GRISALVA,ETHER,,68611-23-4,90411-73-7,,143278,264.40302,CCC(=O)CCC1C(=CCCC1(C)C)C.C#CCO
227,131059,GUAIYL ACETATE,ESTER,,61789-17-1,94333-88-7,,0,0,0
228,105601,GYRANE,ETHER,,24237-00-1,,,82300,168.2759,CCCCC1C=C(CC(O1)C)C
229,103828,HELIONAL,ALDEHYDE,,1205-17-0,,,58337,192.2112,CC(Cc1ccc2c(c1)OCO2)C=O
230,130382,HELIOTROPIN,ALDEHYDE,S,120-57-0,,,13859497,150.1314,c1cc2c(cc1C=O)OCO2
231,106228,HELIOTROPIN/PIPERONAL NAT.,ALDEHYDE,S,120-57-0,,,13859497,150.1314,c1cc2c(cc1C=O)OCO2
232,104002,HELIOTROPYL ACETATE,ESTER,,326-61-4,,,9101,194.184,CC(=O)OCc1ccc2c(c1)OCO2
233,600543,HELVETOLIDE,ESTER,,141773-73-1,,,34991351,284.4342,CCC(=O)OCC(C)(C)O[C@@H](C)[C@H]1CCCC(C1)(C)C
234,130986,HEPTALACTONE GAMMA,LACTONE,,105-21-5,,,7456,128.169,CCCC1CCC(=O)O1
235,131184,HEPTANAL DIETHYL ACETAL,ACETAL,,688-82-4,,,31043618,230.3437,CCCCCCC(=O)C(CC)C(CC)(O)O
236,103261,HERBAC,KETONE,,25304-14-7,,,82521,154.2493,CC(=O)C1CCCC(C1)(C)C
237,103247,HERBAFLORAT,ESTER,,5413-60-5,,,99320,192.2542,CC(=O)OC1CC2CC1C3C2C=CC3
238,195923,HERBANATE,ESTER,,116126-82-0,,,23349264,208.2967,CCOC(=O)[C@@H]1[C@@H]2C[C@H]([C@H]1C(C)C)C=C2
239,131523,HERBOXAN,ACETAL,,54546-26-8,,,85337,186.2912,CCCCC1OC(CC(O1)(C)C)C
240,131337,HERBYL PROPIONATE,ESTER,,17511-60-3,68912-13-0,,78087,206.2808,CCC(=O)OC1CC2CC1C3C2C=CC3
241,103500,HERCOLYN D-E,ESTER,,8050-15-5,,,0,0,0
242,130172,HEXALACTONE GAMMA,LACTONE,,695-06-7,,,12232,114.1424,CCC1CCC(=O)O1
243,131080,HEXENAL TRANS-2,ALDEHYDE,,6728-26-3,,,4444608,98.143,CCC/C=C/C=O
244,130870,HEXENOL TRANS-2,ALCOHOL,,928-95-0,,,4476685,100.1589,CCC/C=C/CO
245,130041,HEXYL CINNAMIC ALDEHYDE ALPHA,ALDEHYDE,,101-86-0,165184-98-5,,1267362,216.3187,CCCCCC/C(=C\c1ccccc1)/C=O
246,131266,HEXYL ISOBUTYRATE,ESTER,,7/7/49,,,15988,172.2646,CCCCCCOC(=O)C(C)C
247,198030,HYACINTH BODY,ACETAL,,16930-96-4,,,92907,194.2701,CCOC(C)OCCc1ccccc1
248,130391,HYDRATROPIC ALDEHYDE,ALDEHYDE,,93-53-8,,,6879,134.1751,CC(C=O)c1ccccc1
249,131183,HYDRATROPIC ALDEHYDE DIMETH.ACET,ACETAL,,90-87-9,,,56128,180.2435,CC(c1ccccc1)C(OC)OC
250,103026,HYDROXY CITRONELLAL,ALDEHYDE,,107-75-5,,,7600,172.2646,CC(CCCC(C)(C)O)CC=O
251,104086,HYDROXY CITRONELLAL DIMET-ACETAL,ACETAL,,141-92-4,,,8530,218.333,CC(CCCC(C)(C)O)CC(OC)OC
252,105027,HYDROXY CITRONELLOL,ALCOHOL,,107-74-4,,,29786089,172.2646,CC(CC/C=C(/C)\CO)CCO
253,107288,HYDROXYAMBRAN,ALCOHOL,,118562-73-5,,,7991730,226.3981,OCC(C)C1CCCCCCCCCCC1
254,103493,ISOAMYL ACETATE NAT.,ESTER,,123-92-2,,,29016,130.1849,CC(C)CCOC(=O)C
255,164115,ISOAMYL ALCOHOL,ALCOHOL,,123-51-3,,,29000,88.1482,CC(C)CCO
256,613013,ISOAMYL BENZOATE,ESTER,,94-46-2,,,6925,192.2542,CC(C)CCOC(=O)c1ccccc1
257,611037,ISOAMYL ISOVALERATE,ESTER,,659-70-1,,,12093,172.2646,CC(C)CCOC(=O)CC(C)C
258,104578,ISOAMYL PHENYL ACETATE,ESTER,,102-19-2,,,7318,206.2808,CC(C)CCOC(=O)Cc1ccccc1
259,104141,ISOAMYL SALICYLATE,ESTER,,87-20-7,,,6612,208.2536,CC(C)CCOC(=O)c1ccccc1O
260,103263,ISOBORNEOL,ALCOHOL,,124-76-5,,,16739225,154.2493,C[C@]12CC[C@H](C1(C)C)C[C@@H]2O
261,130453,ISOBORNYL ACETATE,ESTER,,125-12-2,,,5323219,196.286,CC(=O)O[C@H]1C[C@@H]2CC[C@]1(C2(C)C)C
262,184367,ISOBORNYL CYCLOHEXANOL,ALCOHOL,,4/9/21,,,19528,142.2386,CC(C)C1CCC(CC1)O
263,131237,ISOBORNYL PROPIONATE,ESTER,,2756-56-1,,,19954883,210.3126,CCC(=O)O[C@H]1C[C@@H]2CC[C@]1(C2(C)C)C
264,104756,ISOBUTYL ACETATE,ESTER,,110-19-0,,,7747,116.1583,CC(C)COC(=O)C
265,660181,ISOBUTYL CINNAMATE,ESTER,,122-67-8,,,28963,204.2649,CC(C)COC(=O)C=Cc1ccccc1
266,105390,ISOBUTYL ISOBUTYRATE,ESTER,,97-85-8,,,7073,144.2114,CC(C)COC(=O)C(C)C
267,131239,"ISOBUTYL METHOXYPYRAZINE-3,2",HETEROCYCLIC,,24683-00-9,,,30208,166.2203,CC(C)Cc1c(nccn1)OC
268,105174,ISOBUTYL PHENYLACETATE,ESTER,,102-13-6,,,54959,192.2542,CC(C)COC(=O)Cc1ccccc1
269,103831,ISOBUTYL QUINOLINE,HETEROCYCLIC,,68198-80-1,,,98541,185.2649,CC(C)Cc1ccc2c(c1)cccn2
270,104354,ISOBUTYL QUINOLINE DL 100%,HETEROCYCLIC,,65442-31-1,,,93359,185.2649,CCC(C)c1ccc2c(c1)cccn2
271,105683,ISOBUTYL SALICYLATE,ESTER,,87-19-4,,,6611,194.2271,CC(C)COC(=O)c1ccccc1O
272,131275,ISODAMASCONå,KETONE,,39872-57-6,,,52563506,192.2973,C/C=C/C(=O)C1=C(CC(CC1)(C)C)C
273,103296,ISODODECANE,HYDROCARBON,,31807-55-3,93685-81-5,,21934,170.3348,CCCCCCCCCC(C)C
274,104768,ISOEUGENOL,PHENOL,,97-54-1,,,21106129,164.2011,C/C=C/c1ccc(c(c1)OC)O
275,103615,ISOEUGENYL ACETATE,ESTER,S,93-29-8,,,765093,206.2378,C/C=C/c1ccc(c(c1)OC)OC(=O)C
276,608049,ISOEUGENYL METHYL ETHER,ETHER,,93-16-3,,,26331475,178.2277,C/C=C/c1cc(c(c(c1)OC)O)C
277,104012,ISOJASMONE B 11,KETONE,,95-41-0,,,60134,166.26,CCCCCCC1=CCCC1=O
278,659667,ISOLONGIFOLANON COEUR,KETONE,,23787-90-8,29461-14-1,,57579827,220.3505,CC1(CCC(=O)[C@@H]2C13CCC(C3)C2(C)C)C
279,600359,ISOMUSCONEå,KETONE,,2550-52-9,,,68213,238.4088,C1CCCCCCCC(=O)CCCCCCC1
280,164854,ISONONANOL,ALCOHOL,,3452-97-9,,,32786946,144.2545,C[C@H](CCO)CC(C)(C)C
281,131210,ISONONYL ALDEHYDE S,ALDEHYDE,,5435-64-3,,,20276,142.2386,CC(CC=O)CC(C)(C)C
282,103315,ISOOCTANONE,KETONE,,541-85-5,,,7534,128.212,CCC(C)CC(=O)CC
283,105516,ISOPENTYRATE,ESTER,,80118-06-5,,,2286321,170.24872,CC(C)C(=O)OC(C)CC(=C)C
284,131418,ISOPHYTOL,ALCOHOL,,505-32-8,,,57576675,296.531,C[C@H](CCCC(C)C)CCCC(C)CCCC(C)(C=C)O
285,103452,ISOPROPYL CYCLOHEXANOL,ALCOHOL,,993925,,,19528,142.2386,CC(C)C1CCC(CC1)O
286,131390,"ISOPROPYL METHOXYPYRAZINE-2,3",HETEROCYCLIC,,25773-40-4,,,30649,152.1937,CC(C)c1c(nccn1)OC
287,132687,ISOPROPYL METHYLBUTYRATE-2,ESTER,,66576-71-4,,,34996281,144.2114,CC[C@@H](C)C(=O)OC(C)C
288,131215,ISOPROPYL QUINOLINE,HETEROCYCLIC,,135-79-5,,,60617,171.2383,CC(C)c1ccc2c(c1)cccn2
289,601181,ISOPULEGOL FRACTION EX EUCALYPTUS OIL,ALCOHOL,,89-79-2,,,149356,154.2493,C[C@@H]1CC[C@H]([C@@H](C1)O)C(=C)C
290,131332,ISORALDEINE 70,KETONE,,1335-46-2,,,4521710,206.3239,CCC(=O)/C=C/C1C(=CCCC1(C)C)C
291,103928,ISORALDEINE 95,KETONE,,127-51-5,,,4522510,206.3239,CC1=CCCC(C1/C=C(\C)/C(=O)C)(C)C
292,600000,ISOTRIDECYL ACETATE,ESTER,,69103-23-7,,,100612,242.3975,CC(C)CCCCCCCCCCOC(=O)C
293,164424,ISOVALERIC ACID,ACID,,503-74-2,,,10001,102.1317,CC(C)CC(=O)O
294,164421,ISOVALERIC ALDEHYDE,ALDEHYDE,,590-86-3,,,11065,86.1323,CC(C)CC=O
295,100216,JACINTHAFLORå,ACETAL,,33941-99-0,,,105556,164.2011,CC1OCC(O1)c2ccccc2
296,690965,JASMAPRUNAT,ESTER,,10/1/13,,,72995,174.1944,CCOC(=O)CC1(OCCO1)C
297,104686,JASMIN LACTONE,LACTONE,,25524-95-2,,,34990982,168.2328,CC/C=C\C[C@H]1CCCC(=O)O1
298,613148,JASMOL,ALCOHOL,,92368-90-6,,,34996286,206.3239,CCCCC[C@@H](Cc1ccccc1)CO
299,104235,JASMOLACTONE CNC,LACTONE,,32764-98-0,,,34985514,168.2328,C/C=C/CC[C@H]1CCCC(=O)O1
300,131338,JASMOPOL AC1300,ESTER,,37172-53-5,,,34995989,226.312,CCCCCC[C@@H]1[C@H](CCC1=O)C(=O)OC
301,103623,JASMOPYRANE,ESTER,,18871-14-2,,,1361549,202.2921,CCCCC/C(=C/c1ccccc1)/C=O
302,127988,JAVANOL,ALCOHOL,,198404-98-7,,,13658169,222.3663,CC1(C(CC2C1(C2)C)CC3CC3(C)CO)C
303,106255,JEECOL ISA / ISOSTEARYL ALCOHOL,ALCOHOL,,27458-93-1,,,34992616,270.4937,CCCCCCCCCC[C@@H](CCCCCC)CO
304,131222,JESSEMAL,ESTER,,38285-49-3,,,32696605,214.3013,CCC(C)CC(=O)OC1CCOCC1C
305,140419,KEPHALIS,ETHER,,36306-86-2,36306-87-3,,106156,250.2969,CN(C)C(=O)Nc1ccccc1NC(=O)N(C)C
306,131367,METHYL GERANIATE,ESTER,,1189-09-9,,,28689539,182.2594,CC(=CCCC(=CC(=O)OC)C)C
307,103396,METHYL GUAIACOL-4,PHENOL,,93-51-6,,,21105936,138.1638,Cc1ccc(c(c1)OC)O
308,130576,"METHYL HEPTENONE-6,5,2",KETONE,,110-93-0,,,9478,126.1962,CC(=CCCC(=O)C)C
309,103675,METHYL IONONE BETA COEUR (66559),KETONE,,1335-46-2,,,4521710,206.3239,CCC(=O)/C=C/C1C(=CCCC1(C)C)C
310,104250,METHYL IONONE GAMMA COEUR,KETONE,,127-51-5,,,4522510,206.3239,CC1=CCCC(C1/C=C(\C)/C(=O)C)(C)C
311,103305,METHYL LAVENDER KETONE,KETONE,,67633-95-8,67801-33-6,,95149,172.2646,CCCCCCCC(=O)CCO
312,106104,"METHYL METHOXY BUTANOL-3,3",ALCOHOL,,56539-66-3,,,55953,118.1742,CC(C)(CCO)OC
313,611401,METHYL METHYLBUTYRATE-2,ESTER,,868-57-5,,,12788,116.1583,CCC(C)C(=O)OC
314,660240,METHYL NAPHTHYL KETONE BETA CRYST,KETONE,S,93-08-3,,,6855,170.2072,CC(=O)c1ccc2ccccc2c1
315,131520,"METHYL PHENYLHEXENAL TRANS-5,2,2",ALDEHYDE,,21834-92-4,,,4576448,188.2655,CC(C)C/C=C(\C=O)/c1ccccc1
316,131424,METHYL TUBERATE PURE 100%,LACTONE,,33673-62-0,,,4207455,236.30834,c1ccc(cc1)C2CC(C=C2c3ccccc3)O
317,660564,METHYL UNDECYLENATE,ESTER,,111-81-9,,,7846,198.3019,COC(=O)CCCCCCCCC=C
318,164487,METHYLBUTYRIC ACID-2,ACID,,116-53-0,,,8012,102.1317,CCC(C)C(=O)O
319,131403,"METHYLPENTENOIC ACID-2,2",ACID,,3142-72-1,,,5370713,113.135,[O-]C(=O)/C(=C/CC)C
320,142048,MINTONAT,ESTER,,67859-96-5,,,1064875,184.2753,C[C@H]1C[C@@H](CC(C1)(C)C)OC(=O)C
321,600092,MUGETANOL,ALCOHOL,,63767-86-2,,,102297,170.2918,CC(C)C1CCC(CC1)C(C)O
322,659479,MUGUETALCOHOL,ALCOHOL,,13351-61-6,,,75226,164.2441,CC(C)(Cc1ccccc1)CO
323,195930,MUSCENONE,KETONE,,63314-79-4,,,57523122,236.3929,CC1CC=CCCCCCCCCCC(=O)C1
324,131545,MUSCONE,KETONE,,541-91-3,,,10483,238.4088,CC1CCCCCCCCCCCCC(=O)C1
325,197006,MYRALDYL ACETATE,ESTER,,72403-67-9,,,57261593,236.3499,CC(=CCCC1=CCCC(C1)COC(=O)C)C
326,104032,MYRCENYL ACETATE,ESTER,,1118-39-4,,,13599,196.286,CC(=O)OC(C)(C)CCCC(=C)C=C
327,104663,MYROXYDE,ETHER,,69103-20-4,,,11252541,152.2334,C/C(=C/CC1C(O1)(C)C)/C=C
328,659673,MYSORE ACETATE,ESTER,,30772-69-1,,,141998,208.2967,CC(=O)OCC1CCC2C1C3CCC2C3
329,103836,NECTARYL,KETONE,,95962-14-4,,,153032,220.3505,CC1=CCC(CC1)C(C)CC2CCCC2=O
330,622501,NEO HELIOPANå 357,KETONE,S,70356-09-1,,,46261,310.3869,CC(C)(C)c1ccc(cc1)C(=O)CC(=O)c2ccc(cc2)OC
331,660523,NEO HELIOPANå AV,KETONE,,5466-77-3,,,4511170,290.3972,CCCCC(CC)COC(=O)/C=C/c1ccc(cc1)OC
332,116210,NEO HELIOPANå BB,KETONE,S,131-57-7,,,4471,228.2433,COc1ccc(c(c1)O)C(=O)c2ccccc2
333,131494,NEO HELIOPANå OS,KETONE,,118-60-5,,,8061,250.3334,CCCCC(CC)COC(=O)c1ccccc1O
334,690451,NEOCYCLO CITRAL,ALDEHYDE,,1335-66-6,,,21171842,152.2334,CC1C(C(=CCC1C=O)C)C
335,611460,NEONONYL ACETATE,ESTER,,58430-94-7,,,38985,186.2912,CC(CCOC(=O)C)CC(C)(C)C
336,103885,NEROL 900,ALCOHOL,,106-25-2,,,558917,154.2493,CC(=CCC/C(=C\CO)/C)C
337,605361,NEROL 900 FG,ALCOHOL,,106-25-2,,,558917,154.2493,CC(=CCC/C(=C\CO)/C)C
338,130649,NEROLIDOL,ALCOHOL,,7212-44-4,,,8549,222.3663,CC(=CCCC(=CCCC(C)(C=C)O)C)C
339,130659,NEROLIN BROMELIA,ETHER,S,93-18-5,,,6862,172.2231,CCOc1ccc2ccccc2c1
340,665020,NEROLIN YARA YARA CRIST.,ETHER,S,93-04-9,,,6852,158.1965,COc1ccc2ccccc2c1
341,600321,NEROLIONE,KETONE,S,23911-56-0,,,1869668,174.1959,Cc1c2ccccc2oc1C(=O)C
342,106244,NERYL ACETATE,ESTER,,141-12-8,,,1266018,196.286,CC(=CCC/C(=C\COC(=O)C)/C)C
343,131363,"NONADIENAL TRANS,CIS-2,6",ALDEHYDE,,557-48-2,,,558840,138.2069,CC/C=C\CC/C=C/C=O
344,131091,"NONADIENOL-2,6",ALCOHOL,,28069-72-9,,,4515298,140.2227,CC/C=C\CC/C=C/CO
345,131336,NONALACTONE DELTA,LACTONE,,3301-94-8,,,17658,156.2221,CCCCC1CCCC(=O)O1
346,131394,NONENAL CIS-6,ALDEHYDE,,2277-19-2,,,4515200,140.2227,CC/C=C\CCCCC=O
347,113522,NONENAL TRANS-2,ALDEHYDE,,18829-56-6,,,4446456,140.2227,CCCCCC/C=C/C=O
348,131395,NONENOL CIS-6,ALCOHOL,,35854-86-5,,,4515276,142.2386,CC/C=C/CCCCCO
349,130246,NOPYL ACETATE,ESTER,,128-51-8,,,91804,208.2967,CC(=O)OCCC1=CCC2CC1C2(C)C
350,131070,OCIMENYL ACETATE,ESTER,,72214-23-4,,,23353077,196.286,C/C(=C/CCC(C)(C)OC(=O)C)/C=C
351,130675,OCTAHYDRO COUMARIN,LACTONE,,4430-31-3,,,32698259,154.2063,C1CC[C@H]2[C@H](C1)CCC(=O)O2
352,131485,OCTALACTONE DELTA,LACTONE,,698-76-0,,,5602560,142.1956,O=C1O[C@@H](CCC)CCC1
353,105565,OCTALACTONE GAMMA,LACTONE,,104-50-7,,,7418,142.1956,CCCCC1CCC(=O)O1
354,638261,"OCTENOL-1,3",ALCOHOL,,3391-86-4,,,17778,128.212,CCCCCC(C=C)O
355,131274,"OCTENYL ACETATE-1,3",ESTER,,10/6/42,,,16205,170.2487,CCCCCC(C=C)OC(=O)C
356,611469,OCTYL ACETATE-3 NAT.,ESTER,,4864-61-3,,,9994141,172.2646,CCCCC[C@H](CC)OC(=O)C
357,131308,OCTYL BUTYRATE,ESTER,,110-39-4,,,54989,200.3178,CCCCCCCCOC(=O)CCC
358,107085,OKOUMAL,ETHER,,131812-67-4,,,2298767,288.42442,CC1COC(O1)(C)c2ccc3c(c2)C(CCC3(C)C)(C)C
359,198064,ORANGE FLOWER ETHER,ETHER,,14576-08-0,,,77346,168.2759,CC1=CCC(CC1)C(C)(C)OC
360,197014,ORCINOL MONOMETHYL ETHER,PHENOL,S,3209-13-0,,,69135,138.1638,Cc1cc(cc(c1)OC)O
361,131227,ORIVONE,KETONE,,16587-71-6,,,109262,168.2759,CCCCCC1CCCCC1=O
362,103451,ORYCLON@ HC,ESTER,,32210-23-4,,,58107066,216.3172,CC(=O)O.CC(C)(C)C1CCC(CC1)O
363,103260,OXYOCTALINE FORMATE,ESTER,,65405-72-3,,,103345,260.26475,CC1C(C(C2(C1C)C(=O)NC(=NC2=O)[O-])C)C.[Na+]
364,611471,OZONIL,NITRILE,,22629-49-8,,,5020973,193.3284,CCCCCCCCCC/C=C/C#N
365,690230,PALISANDAL,ACETAL,,950-33-4,,,63549,228.3709,COC1(CCCCCCCCCCC1)OC
366,690165,PALISANDIN,ETHER,,2986-54-1,,,24590600,378.6746,C1CCCCCC(CCCCC1)COCC2CCCCCCCCCCC2
367,100210,PARMANYLå,NITRILE,,142653-61-0,,,23349752,153.2215,CC/C=C\CCOCCC#N
368,600300,PASSIFLORAN,KETONE,,136954-25-1,,,34988367,218.3131,CCC[C@@H](CCOC(=O)C)SC(=O)C
369,164637,PELARGONIC ACID,ACID,,112-05-0,,,7866,158.238,CCCCCCCCC(=O)O
370,130058,"PENTANDIONE-2,3",KETONE,,600-14-6,,,11254,100.1158,CCC(=O)C(=O)C
371,107343,PEONILE,NITRILE,,10461-98-0,,,59705,197.2756,c1ccc(cc1)C(=C2CCCCC2)C#N
372,179339,PERANAT,ESTER,,90397-38-9,,,143492,200.3178,CCCC(C)COC(=O)C(C)CCC
373,179349,PETIOLE,ETHER,,68039-47-4,,,95833,164.2441,CC(C)OCCc1ccccc1
374,698337,PHELLANDREN FRACTION EX EUCALYPTUS OIL,HYDROCARBON,,4221-98-1,,,390915,136.234,CC1=CC[C@@H](C=C1)C(C)C
375,105991,PHENIRATå,ESTER,,103-60-6,,,10605817,208.2536,CC(C)C(=O)OC(C)Oc1ccccc1
376,198070,PHENOXANOL,ALCOHOL,,55066-48-3,,,97376,178.2707,CC(CCc1ccccc1)CCO
377,130089,PHENOXYETHYL ALCOHOL,ALCOHOL,,122-99-6,,,13848467,138.1638,c1ccc(cc1)OCCO
378,660354,PHENYLACETALDEHYDE,ALDEHYDE,,122-78-1,,,13876539,120.1485,c1ccc(cc1)CC=O
379,660345,PHENYLACETALDEHYDE DIMETHYL ACETAL,ACETAL,,101-48-4,,,13876435,166.217,COC(Cc1ccccc1)OC
380,600028,PHENYLACETALDEHYDE GLYCERYLACETAL,ACETAL,,29895-73-6,,,20580,194.2271,c1ccc(cc1)CC2OCC(O2)CO
381,621268,PHENYLACETIC ACID,ACID,S,103-82-2,,,10181341,136.1479,c1ccc(cc1)CC(=O)O
382,130744,PHENYLETHYL ALCOHOL,ALCOHOL,,60-12-8,,,5830,122.1644,c1ccc(cc1)CCO
383,103392,PHENYLETHYL BUTYRATE,ESTER,,103-52-6,,,7375,192.2542,CCCC(=O)OCCc1ccccc1
384,660361,PHENYLETHYL CINNAMATE CRYST.,ESTER,S,103-53-7,,,7376,252.3077,c1ccc(cc1)CCOC(=O)C=Cc2ccccc2
385,103258,PHENYLETHYL DIMETHYL CARBINOL,ALCOHOL,,103-05-9,,,2286203,164.24414,CC(CC(C)O)c1ccccc1
386,103614,PHENYLETHYL FORMATE,ESTER,,104-62-1,,,307171,150.1745,CC(c1ccccc1)OC=O
387,103934,PHENYLETHYL ISOBUTYRATE,ESTER,,103-48-0,,,494873,192.2542,CC(C)C(=O)OC(C)c1ccccc1
388,131090,PHENYLETHYL ISOTHIOCYANATE,ESTER,,9/2/57,,,15870,163.2395,c1ccc(cc1)CCN=C=S
389,103935,PHENYLETHYL ISOVALERATE,ESTER,,140-26-1,,,10438504,206.2808,CCC(C(C)C)C(=O)Oc1ccccc1
390,103222,PHENYLETHYL METHYL ETHER,ETHER,,3558-60-9,,,18022,136.191,COCCc1ccccc1
391,103936,PHENYLETHYL PHENYLACETATE,ESTER,,102-20-5,,,3276662,240.297,CC(c1ccccc1)OC(=O)Cc2ccccc2
392,658982,PHENYLETHYL SALICYLATE,ESTER,S,87-22-9,,,56124,242.2699,c1ccc(cc1)CCOC(=O)c2ccccc2O
393,660165,PHENYLPROPYL ALCOHOL,ALCOHOL,,122-97-4,,,13871718,136.191,c1ccc(cc1)CCCO
394,130412,PHENYLPROPYL ALDEHYDE,ALDEHYDE,,104-53-0,,,205715,148.2017,CCC(C=O)c1ccccc1
395,160223,PINENE ALPHA LAEVO NAT.,HYDROCARBON,,80-56-8,,,92484,118.5615,CC(=CC(=O)Cl)C
396,130122,PINENE BETA NAT.,HYDROCARBON,,127-91-3,,,14198,136.234,CC1(C2CCC(=C)C1C2)C
397,103237,PINOACET ALDEHYDE,ALDEHYDE,,33885-51-7,,,29366461,178.2707,CC1([C@@H]2CC=C([C@H]1C2)CCC=O)C
398,103374,PLICATONE,KETONE,,41724-19-0,,,187270,266.76646,c1ccc(cc1)N2CCN(CC2)C(=O)C3CC3.Cl
399,659616,POIVROLå,ESTER,,68966-86-9,,,32815755,183.2475,CC1=C(/C(=N/O)/C(CC1)C(C)C)O
400,106142,POLYSANTOL,ALCOHOL,,107898-54-4,,,23349145,222.3663,CC1=CCC(C1(C)C)C=CC(C)(C)C(C)O
401,904691,POLYSANTOL (MYSANTOL),ALCOHOL,,107898-54-4,,,23349145,222.3663,CC1=CCC(C1(C)C)C=CC(C)(C)C(C)O
402,103843,PRECYCLEMONE B,ALDEHYDE,,52474-60-9,52475-86-2,,22886602,206.3239,C/C=C/C1[C@H]2C([C@@H](CO1)C(C=C2C)C)C
403,601331,PRENYL ACETATE,ESTER,,1191-16-8,,,13834,128.169,CC(=CCOC(=O)C)C
404,103483,PRENYL SALICYLATE,ESTER,,68555-58-8,,,57523900,190.2384,Cc1ccccc1C(=O)OC=C(C)C
405,656079,PROFARNESAL,ALDEHYDE,,54082-68-7,,,82271,208.3398,CC(CCC=C(C)CCC=C(C)C)C=O
406,660137,PROJASMONE P,KETONE,,137-03-1,,,9302034,182.3025,O=C1[C@H](CCCCCCC)CCC1
407,131115,PROPENYL GUAETHOL,PHENOL,S,94-86-0,,,17599678,178.2277,CCOc1ccc(cc1O)/C=C\C
408,131301,PROPYL ACETATE,ESTER,,109-60-4,,,7706,102.1317,CCCOC(=O)C
409,160221,"PROPYLENE GLYCOL-1,2",ALCOHOL,,57-55-6,,,13835224,76.0944,CC(CO)O
410,611421,PYROPRUNAT,ESTER,,68039-73-6,,,21162589,222.3233,CC=CC(=O)OC1CCCC1C2CCCC2
411,198028,RESEDA BODY,ACETAL,,67633-94-7,,,225289,299.3212,CCOC(=O)c1ccc(cc1)NC(=O)OCc2ccccc2
412,690520,RESEDAFOL,ACETAL,,7493-57-4,,,32786967,208.2967,CCCO[C@H](C)OCCc1ccccc1
413,658742,RESEDYLACETAL,ACETAL,,10022-28-3,,,3647763,642.43684,CCCCCCCCC1(c2cc(ccc2-c3c1cc(cc3)I)I)CCCCCCCC
414,106108,RHOLIATE,ESTER,,93981-50-1,,,230409,365.1628,CC(=O)Oc1c(cc(c(c1Cl)Cl)C(OC(=O)C)OC(=O)C)OC
415,198039,RHUBOFIX,ETHER,,41816-03-9,,,85298,204.308,CC1C2(O1)CC3CC2C4C3CC=C(C4)C
416,907625,ROMANDOLIDE,ESTER,,236391-76-7,,,10688094,270.3645,CC1(C)CCCC(C1)C(C)OC(=O)COC(=O)CC
417,100060,ROMASCONE,ESTER,,81752-87-6,,,9270402,182.2594,C=C1CCCC(C)(C)C1C(=O)OC
418,130770,ROSACETATE,ESTER,S,90-17-5,,,6741,267.5363,CC(=O)OC(c1ccccc1)C(Cl)(Cl)Cl
419,600064,ROSAPHENå,ALCOHOL,,25634-93-9,,,4576354,178.2707,CC(CCCc1ccccc1)CO
420,106268,ROSE OXIDE HIGH CIS,ETHER,,16409-43-1,,,31043460,154.2493,C[C@H]1CCOC(C1)C=C(C)C
421,130780,ROSE OXIDE L,ETHER,,16409-43-1,,,31043460,154.2493,C[C@H]1CCOC(C1)C=C(C)C
422,107077,ROSYRANE SUPER,ETHER,,60335-71-9,,,225224,238.2366,CCOC(=O)c1ccc(c(c1)C(=O)OCC)O
423,621361,SAFRALEINE,KETONE,,54440-17-4,,,34991098,174.239,C[C@H]1C(=O)c2ccccc2C1(C)C
424,165208,SAFRANAL,ALDEHYDE,,116-26-7,,,55000,150.2176,CC1=C(C(CC=C1)(C)C)C=O
425,107396,SAGECETE,ESTER,,131766-73-9,,,23349556,200.2747,CCCC1CC(CCO1)(C)OC(=O)C
426,105188,SANDAL MYSORE CORE,ALCOHOL,,28219-60-5,,,21173224,194.3132,CC1=CCC(C1(C)C)CC=C(C)CO
427,131502,SANDALORE,ALCOHOL,,65113-99-7,,,93216,210.3556,CC1=CCC(C1(C)C)CCC(C)C(C)O
428,600001,SANDRANOLå,ALCOHOL,,28219-61-6,,,4942687,208.3398,CC/C(=C\CC1CC=C(C1(C)C)C)/CO
429,172313,SANJINOL,ALCOHOL,,28219-61-6,,,4942687,208.3398,CC/C(=C\CC1CC=C(C1(C)C)C)/CO
430,104316,SCENTENAL,ALDEHYDE,,86803-90-9,,,143443,194.2701,COC1CC2CC1C3C2CC(C3)C=O
431,100199,SILVIAL,ALDEHYDE,,6658-48-6,,,99560,204.308,CC(C)Cc1ccc(cc1)CC(C)C=O
432,684804,SPIROGALBANONE PURE,KETONE,,224031-70-3,224031-71-4,,13694751,218.3346,C=CCCC(=O)C1=CCCC2(C1)CCCC2
433,131157,STEMONE,OXIME,,22457-23-4,,,24591520,143.2267,CCCCC(=NO)CCC
434,611357,STYRALYL ACETATE,ESTER,,93-92-5,,,56133,164.2011,CC(c1ccccc1)OC(=O)C
435,903938,STYRALYL ACETATE FG,ESTER,,93-92-5,,,56133,164.2011,CC(c1ccccc1)OC(=O)C
436,660414,STYRALYL ALCOHOL,ALCOHOL,,98-85-1,,,31043683,123.1571,C[13CH](c1ccccc1)O
437,611467,STYRALYL PROPIONATE,ESTER,,120-45-6,,,5324581,178.22766,CCC(=O)O[C@H](C)C1=CC=CC=C1
438,131449,SULFUROL,HETEROCYCLIC,,137-00-8,,,1104,143.2068,Cc1c(scn1)CCO
439,100072,SULTANENEå,ESTER,,15848-49-4,,,9052605,154.2063,O=C(OCC)CC1\C=C/CC1
440,902958,SYMFRESHå NX,ESTER,,25265-77-4,,,34988588,216.3172,CC(C)[C@@H](C(C)(C)CO)OC(=O)C(C)C
441,148469,SYMROSEå,ALCOHOL,,830322-14-0,,,13536001,170.2918,CC(C)CCC1CCC(CC1)O
442,109818,SYMROXANE,ACETAL,,393517-28-7,393517-29-8,676125-00-1,28552743,234.377,CC1(CC(C=C2C13CCC(C3)C2(C)C)OC)C
443,104312,SYVERTAL,ACETAL,,4359-47-1,,,96538,172.2646,CCCCC(CC)C1OCCO1
444,103229,TABANON,KETONE,,13215-88-8,163440-97-9,,18661975,190.2814,C/C=C/C=C\1/C(=CC(=O)CC1(C)C)C
445,659672,TABANON COEUR,KETONE,,13215-88-8,163440-97-9,,18661975,190.2814,C/C=C/C=C\1/C(=CC(=O)CC1(C)C)C
446,195795,TANGERINOL,ESTER,,3239-35-8,,,4680697,238.3657,CC(CC/C=C(\C)/CCC=C(C)C)OC(=O)C
447,131002,TERPINENE GAMMA,HYDROCARBON,,99-85-4,,,7181,136.234,CC1=CCC(=CC1)C(C)C
448,600044,TERPINEOL  RECT.,ALCOHOL,,8000-41-7,,,31102932,462.748,CC1=CCC(CC1)C(C)(C)O.CC(=C1CCC(CC1)(C)O)C.CC(=C)C1CCC(CC1)(C)O
449,130817,TERPINEOL ALPHA,ALCOHOL,,98-55-5,,,13850142,154.2493,CC1=CCC(CC1)C(C)(C)O
450,130813,TERPINEOL PURE,ALCOHOL,,8000-41-7,,,31102932,462.748,CC1=CCC(CC1)C(C)(C)O.CC(=C1CCC(CC1)(C)O)C.CC(=C)C1CCC(CC1)(C)O
451,660425,TERPINOLENE,HYDROCARBON,,586-62-9,,,10979,136.234,CC1=CCC(=C(C)C)CC1
452,130837,TERPINYL ACETATE,ESTER,,8007-35-0,,,57427099,470.77,CC1CCC2CC1(C2(C)C)C3(CCC4CC3(C4(C)C)C56CC(C5(C)C)CCC6C)C.CC(=O)O
453,600035,TERRANOLå,ALCOHOL,S,57566-26-4,88644-30-8,,1386337,222.3663,CC1(CCC[C@]2([C@@]13CC[C@@H](C3)C2(C)C)O)C
454,130752,TETRAHYDRO CITRAL,ALDEHYDE,,5988-91-0,,,13076833,156.2652,C[C@H](CCCC(C)C)CC=O
455,130990,TETRAHYDRO LINALOOL,ALCOHOL,,78-69-3,,,6300,158.2811,CCC(C)(CCCC(C)C)O
456,105480,TETRAHYDRO LINALYL ACETATE,ESTER,,20780-48-7,,,80665,200.3178,CCC(C)(CCCC(C)C)OC(=O)C
457,131098,TETRAHYDRO METHYL QUINOLINE PARA,AMINE,,91-61-2,,,232155,160.2539,CCOCCCCC(C)(C)O
458,107617,TETRAHYDRO MYRCENOL,ALCOHOL,,18479-57-7,,,78251,158.2811,CCC(C)CCCC(C)(C)O
459,106217,TETRAHYDROGERANIOL,ALCOHOL,,106-21-8,,,5367503,158.2811,OCC[C@@H](CCCC(C)C)C
460,131525,"TETRAMETHYL PYRAZINE-2,3,5,6",HETEROCYCLIC,S,1124-11-4,,,13658,136.1943,Cc1c(nc(c(n1)C)C)C
461,131431,"THIOMENTHANONE-8,3",KETONE,,38462-22-5,,,55833,186.3143,CC1CCC(C(=O)C1)C(C)(C)S
462,162075,TOLYLALDEHYDE PARA FG,ALDEHYDE,,104-87-0,,,13865424,120.1485,Cc1ccc(cc1)C=O
463,600745,TOSCANOL,ETHER,,16510-27-3,,,4927987,162.2283,COc1ccc(cc1)CC2CC2
464,104304,TRIDECEN NITRILE-2,NITRILE,,22629-49-8,,,5020973,193.3284,CCCCCCCCCC/C=C/C#N
465,131224,TRIDECENAL TRANS-2,ALDEHYDE,,7774-82-5,,,4446484,196.32906,CCCCCCCCCC/C=C/C=O
466,104325,TRIFERNAL,ALDEHYDE,,16251-77-7,,,27019549,162.2283,CC(CCC=O)c1ccccc1
467,131382,TRIMOFIX O,KETONE,,144020-22-4,,,26553738,246.3877,CC1=CCCC=C(CC=C(C(CC1)C(=O)C)C)C
468,964390,TRIMOFIX O BM,KETONE,,144020-22-4,,,26553738,246.3877,CC1=CCCC=C(CC=C(C(CC1)C(=O)C)C)C
469,182461,UNDECALACTONE DELTA,LACTONE,,710-04-3,,,34990345,184.2753,CCCCCC[C@H]1CCCC(=O)O1
470,131375,UNDECENAL TRANS-2,ALDEHYDE,,2463-77-6,53448-07-0,,4936357,168.2759,CCCCCCCC/C=C\C=O
471,130878,UNDECYLENIC ALCOHOL,ALCOHOL,,112-43-6,,,7893,170.2918,C=CCCCCCCCCCO
472,113552,VALEROLACTONE GAMMA,LACTONE,,108-29-2,,,7633,100.1158,CC1CCC(=O)O1
473,131423,VELOUTONE,KETONE,,65443-14-3,,,103394,224.2961,CCCc1cc(ccc1OCC(CO)O)C
474,195933,VELVIONE,KETONE,,37609-25-9,,,26547690,236.3929,C1CCCCCC(=O)CCCC=CCCCC1
475,105656,AMYL SALICYLATE,ESTER,,,,,15465,208.2536,CCCCCOC(=O)c1ccccc1O
476,699713,ARCOSOLVE DPMA GLYCO ETHER,,,,,,109020,521.5649,Cc1ccccc1C(CNc2c3c(ncn2)n(cn3)C4[C@@H]([C@@H]([C@H](O4)CO)O)O)c5cc(cc(c5)OC)OC
477,195564,AURANTIOL,SCHIFF-BASE,,,,,32696556,303.4391,CC(CCCC(C)(C)C)C/C=N/c1ccccc1C(=O)OC
478,660554,CARENE DELTA-3 NAT.,HYDROCARBON,,,,,24263,136.234,CC1=CCC2C(C1)C2(C)C
479,659577,"CINEOL 1,4",ETHER,,,,,23976355,157.2678,[2H]C1(CC2(CCC1(OC2(C)C)C)[2H])[2H]
480,198031,CORTEX ALDEHYDE 50,ALDEHYDE,,,,,67586,136.1479,c1ccc(cc1)OCC=O
481,131228,DIHYDRO TERPINEOL,ALCOHOL,,,,,9926,156.2652,CC1CCC(CC1)C(C)(C)O
482,130265,DIPENTENE,HYDROCARBON,,,,,4517561,138.2499,CCC/C=C/C=C/CCC
483,103383,ETHYL SAFRANATE,ESTER,,,,,105633,194.2701,CCOC(=O)C1=C(C=CCC1(C)C)C
484,197016,FLORALOZONE,ALDEHYDE,,,,,95151,190.2814,CCc1ccc(cc1)CC(C)(C)C=O
485,100360,FLORAZON,ALDEHYDE,,,,,0,0,0
486,105562,GALBANOLENE SUPER,HYDROCARBON,,,,,4423393,254.47456,c1c(c(cc(c1Cl)Cl)Cl)OCC(=O)[O-]
487,170044,GERANIOL 60,ALCOHOL,,,,,4303,154.2493,CC(=CCC/C(=C/CO)/C)C
488,903290,GERANIOL 60 B,ALCOHOL,,,,,4303,154.2493,CC(=CCC/C(=C/CO)/C)C
489,103161,ISOJASMONE,KETONE,,,,,30777180,164.2441,CC/C=C\CC1=C(C(=O)CC1)C
490,620107,ISOMENTHONE,KETONE,S,,,,4937714,154.2493,C[C@H]1CC[C@H](C(=O)C1)C(C)C
491,130969,OCIMENE,HYDROCARBON,,,,,4478390,136.234,CC(=CC/C=C(/C)\C=C)C
492,103944,TERPINOLENE DAK,HYDROCARBON,,,,,32697320,472.6615,CC(C)(C)c1ccc(cc1)C(CCCN2CCN(CC2)C(c3ccccc3)(c4ccccc4)O)O
493,103849,TETRAHYDRO MUGUOL,ALCOHOL,,,,,5020894,154.2493,CCC(C)(/C=C/C=C(C)C)O
494,130706,TOLYL ACETALDEHYDE PARA 50% DPG,ALDEHYDE,,,,,21169769,45.0452,C[13CH]=O