Material,Name,Chemical.group,Phase,CAS,CASNO2,CASNO3,MW,SMILE,smiles_fromCID,csid,CID,cid_from_csidSMILE,check,CID_use,csid_use,what did I change? Or reasons for using CID
660002,ACETANISOLE CRYST.,KETONE,S,100-06-1,,,150.1745,CC(=O)c1ccc(cc1)OC,CC(=O)C1=CC=C(C=C1)OC,13835344,7476,7476,TRUE,7476,13835344,
104084,ACETYL METHYL ANTHRANILATE N,ESTER,S,2719-08-6,,,193.1992,CC(=O)Nc1ccccc1C(=O)OC,CC(=O)NC1=CC=CC=C1C(=O)OC,16658,17623,17623,TRUE,17623,16658,
130001,ACETYL METHYL CARBINOL NAT.,KETONE,S,513-86-0,,,88.1051,CC(C(=O)C)O,CC(C(=O)C)O,21105851,179,179,TRUE,179,21105851,
661269,AGRUMEX HC,ESTER,,88-41-5,20298-69-5,,198.3019,CC(=O)O[C@H]1CCCC[C@H]1C(C)(C)C,NA,19972625,,21116400,FALSE,62334,56126,switched CAS and CASNO2  so CAS is more accurate to the name
600278,AGRUMEX LC,ESTER,,88-41-5,20298-69-5,,198.3019,CC(=O)O[C@H]1CCCC[C@H]1C(C)(C)C,NA,19972625,,21116400,FALSE,62334,56126,switched CAS and CASNO2  so CAS is more accurate to the name
131081,AGRUNITRIL,NITRILE,,51566-62-2,,,151.24868,CC(CCC=C(C)C)CC#N,CC(CCC=C(C)C)CC#N,2297857,3033030,3033030,TRUE,3033030,2297857,
103023,ALCOHOL C13 OXO,ALCOHOL,,68526-86-3,,,200.3608,CC(C)CCCCCCCCCCO,CC(C)CCCCCCCCCCO,31213,33865,33865,TRUE,33865,31213,
103798,ALDEHYDE C 9,ALDEHYDE,,124-19-6,,,142.2386,CCCCCCCCC=O,CCCCCCCCC=O,29029,31289,31289,TRUE,31289,29029,
130463,ALDEHYDE C11 ISO,ALDEHYDE,,1337-83-3,,,170.2918,CC(C)CCCCCCCC=O,CC(C)CCCCCCCC=O,16215641,14135862,14135862,TRUE,14135862,16215641,
656012,ALDEHYDE C11 MOA,ALDEHYDE,,19009-56-4,,,170.2918,CCCCCCCCC(C)C=O,CCCCCCCCC(C)C=O,27316,29381,29381,TRUE,29381,27316,
130877,ALDEHYDE C11 UNDECYLENIC,ALDEHYDE,,112-45-8,,,168.2759,C=CCCCCCCCCC=O,C=CCCCCCCCCC=O,7895,8187,8187,TRUE,8187,7895,
130030,ALDEHYDE C12 LAURIC,ALDEHYDE,,112-54-9,,,184.3184,CCCCCCCCCCCC=O,CCCCCCCCCCCC=O,7902,8194,8194,TRUE,8194,7902,
656021,ALDEHYDE C12 MNA,ALDEHYDE,,110-41-8,,,184.3184,CCCCCCCCCC(C)C=O,CCCCCCCCCC(C)C=O,54990,61031,61031,TRUE,61031,54990,
173437,ALDEHYDE C14 SO CALLED NAT.,LACTONE,,104-67-6,,,182.2594,CCCCCCCC1=CCC(=O)O1,CCCCCCCC1CCC(=O)O1,13352554,7714,12234702,FALSE,7714,7428,pubchem CID more accurate to name
606009,ALDEHYDE C14 SO-CALLED,LACTONE,,104-67-6,,,182.2594,CCCCCCCC1=CCC(=O)O1,CCCCCCCC1CCC(=O)O1,13352554,7714,12234702,FALSE,7714,7428,pubchem CID more accurate to name
106182,ALDEHYDE C16 SO-CALLED,ESTER,,77-83-8,,,206.2378,O=C(OCC)[C@H]2O[C@@]2(c1ccccc1)C,CCOC(=O)C1C(O1)(C)C2=CC=CC=C2,5361571,6501,6993492,FALSE,6501,6255,pubchem; changed csid
103866,ALDEHYDE C18 SO-CALLED,LACTONE,,104-61-0,,,156.2221,CCCCC[C@@H]1CCC(=O)O1,CCCCCC1CCC(=O)O1,9270017,7710,11094875,FALSE,7710,7424,pubchem; changed csid
103190,ALDRONÎ,KETONE,,68901-22-4,,,234.377,CC1CC(CCC1=O)C2C3CCC(C3)C2(C)C,CC1CC(CCC1=O)CC2C3CCC(C3)C2(C)C,57523903,111416,121232765,FALSE,111416,99970,changed csid
131381,ALLYL AMYL GLYCOLATE,ESTER,,67634-00-8,,,172.2215,CCCCOCC(=O)OCC=C,CC(C)CCOCC(=O)OCC=C,57425660,106729,13183482,FALSE,106729,96061,changed scid
130190,ALLYL IONONE,KETONE,,79-78-7,,,232.3612,CC1=CCCC(C1/C=C/C(=O)CCC=C)(C)C,CC1=CCCC(C1C=CC(=O)CCC=C)(C)C,4517909,5365976,5365976,TRUE,5365976,4517909,
690394,ALLYL PHENOXY ACETATE,ESTER,,7493-74-5,,,192.2112,C=CCOC(=O)COc1ccccc1,C=CCOC(=O)COC1=CC=CC=C1,22542,5365976,24117,TRUE,24117,22542,took from scid - something went wrong here
197007,AMAROCITÎ,ACETAL,,67674-46-8,,,212.3285,CCCC/C=C/C=C/C(OCC)OCC,CC(=CCC(C)(C)C(OC)OC)C,57575555,106766,0,FALSE,106766,96095,changed scid
105863,AMBER CORE,ALCOHOL,,139504-68-0,,,228.3709,CC[C@H](CO[C@@H]1CCCC[C@H]1C(C)(C)C)O,CC(C)(C)C1CCCCC1OCCCCO,34991162,53836233,12132928,FALSE,53836233,144152,changed scid
600113,AMBERWOODÎ F,ACETAL,,58567-11-6,,,242.3975,CCOCOC1CCCCCCCCCCC1,CCOCOC1CCCCCCCCCCC1,84932,94111,94111,TRUE,94111,84932,
198047,AMBREIN,ALCOHOL,,8016-26-0,89997-74-0,,428.7333,C/C(=C\CC[C@H]1[C@@](CC[C@@H]2[C@@]1(CCC[C@]2(C)C)C)(O)C)/CC[C@H]3[C@@](CCCC3=C)(C)C,NA,10275828,,12305858,FALSE,12305858,10275828,went with csid because pubchem didn't find it. 
140022,AMBRETTOLIDE,LACTONE,,28645-51-4,,,252.3923,C1CCC/C=C/CCCCCCOC(=O)CCC1,NA,10025696,11851224 | 21885431,11851224,FALSE,11851224,10025696,cid matched for both
105158,AMBRINOL,ALCOHOL,,41199-19-3,,,194.3132,CC1(CCC=C2C1CCC(C2)(C)O)C,CC1(CCC=C2C1CCC(C2)(C)O)C,142636,162452,162452,TRUE,162452,142636,
690993,AMBRINOL S,ALCOHOL,,31499-72-6,41199-19-3,,194.3132,CC1=CCCC([C@@H]1CCC(=O)C)(C)C,CC1=CCCC(C1CCC(=O)C)(C)C,34993434,35821,38988368,FALSE,35821,32951,
903865,AMBROSTAR,ACETAL,,1357064-95-9,,,0,0,NA,0,,NA,NA,,,I cannot find this compound anywhere
103959,AMBROXIDE,ETHER,S,6790-58-5,,,236.3929,CC1(CCCC2(C1CCC3(C2CCO3)C)C)C,NA,96437,10857465,107166,FALSE,10857465,9032756,looked up cas by hand on pubmed and used that number; changed csid
104591,AMYL CINNAMIC ALDEHYDE ALPHA,ALDEHYDE,,122-40-7,,,202.2921,CCCCC/C(=C\c1ccccc1)/C=O,NA,1302718,,1623625,FALSE,31209,28950,looked up cas by hand on pubmed and used that number; changed csid
131277,ANDRANE,ETHER,,13567-39-0,,,220.3505,CC1CCC2C13CC(C2(C)C)C4(C(C3)O4)C,CC1CCC2C13CC(C2(C)C)C4(C(C3)O4)C,109230,21120162,122510,FALSE,122510,109230,both look fine so went with csid
611049,ANISYL ACETATE,ESTER,,104-21-2,,,198.2158,CC(=O)O.COc1ccc(cc1)CO,CC(=O)OCC1=CC=C(C=C1)OC,58107141,7695,122197602,FALSE,7695,7410,
654001,ANISYL ALCOHOL,ALCOHOL,S,105-13-5,,,138.1638,COc1ccc(cc1)CO,COC1=CC=C(C=C1)CO,21105859,7738,7738,TRUE,7738,21105859,
131139,ANTHER,ETHER,,56011-02-0,,,192.2973,CC(C)CCOCCc1ccccc1,CC(C)CCOCCC1=CC=CC=C1,83048,91978,91978,TRUE,91978,83048,
103627,APHERMATE,ESTER,,25225-08-5,,,184.2753,CC(C1CCCC(C1)(C)C)OC=O,CC(C1CCCC(C1)(C)C)OC=O,82474,91337,91337,TRUE,91337,82474,
600038,APRIFLORENÎ,LACTONE,,67663-01-8,,,184.2753,CCCCCCC1C(CC(=O)O1)C,CCCCCCC1C(CC(=O)O1)C,96085,106756,106756,TRUE,106756,96085,
600098,AURELIONEÎ,KETONE,,88642-03-9,3100-36-5,2550-59-6,236.3929,C1CCCCC(=O)CCCCC/C=C/CCC1,NA,20141547,53750858,20837946,FALSE,53750858,28692301,looked up by cas no3 - now in the position of cas 1
103449,AZARBRE,KETONE,,68845-36-3,,,180.2866,CCC1=C(C(CCC1=O)(C)C)CC,CCC1(CCC(=O)C(=C1C)C)CC,19977619,18406259,21118774,FALSE,18406259,99939,
600127,BELANISÎ,KETONE,,1447712-18-6,,,152.2334,CCCC1CC=C(C(=O)C1)C,NA,45891873,,15910561,FALSE,15910561,45891873,can only find this on chemspider
164902,BENZO NITRILE,NITRILE,,100-47-0,,,103.1213,c1ccc(cc1)C#N,C1=CC=C(C=C1)C#N,7224,7505,7505,TRUE,7505,7224,
162078,BENZOIC ACID,ACID,,65-85-0,,,122.1213,c1ccc(cc1)C(=O)O,C1=CC=C(C=C1)C(=O)O,238,243,243,TRUE,243,238,
660032,BENZOPHENONE CRYST.,KETONE,S,119-61-9,,,182.2179,c1ccc(cc1)C(=O)c2ccccc2,C1=CC=C(C=C1)C(=O)C2=CC=CC=C2,2991,3102,3102,TRUE,3102,2991,
600624,BENZYL ACETONE,KETONE,,2550-26-7,,,148.2017,CC(=O)CCc1ccccc1,CC(=O)CCC1=CC=CC=C1,16422,17355,17355,TRUE,17355,16422,
600040,BENZYL BENZOATE M,ESTER,,120-51-4,,,212.2439,c1ccc(cc1)COC(=O)c2ccccc2,C1=CC=C(C=C1)COC(=O)C2=CC=CC=C2,13856959,2345,2345,TRUE,2345,13856959,
103937,BENZYL BUTYRATE,ESTER,,103-37-7,,,178.2277,CCCC(=O)OCc1ccccc1,CCCC(=O)OCC1=CC=CC=C1,7367,7650,7650,TRUE,7650,7367,
613057,BENZYL CINNAMATE,ESTER,S,103-41-3,,,238.2812,c1ccc(cc1)COC(=O)/C=C/c2ccccc2,C1=CC=C(C=C1)COC(=O)C=CC2=CC=CC=C2,4437893,5273469,5273469,TRUE,5273469,4437893,
613065,BENZYL FORMATE,ESTER,,104-57-4,,,136.1479,c1ccc(cc1)COC=O,C1=CC=C(C=C1)COC=O,7422,7708,7708,TRUE,7708,7422,
104495,BENZYL ISOBUTYRATE,ESTER,,103-28-6,,,178.2277,CC(C)C(=O)OCc1ccccc1,CC(C)C(=O)OCC1=CC=CC=C1,7363,7646,7646,TRUE,7646,7363,
162067,BENZYL ISOEUGENOL,ETHER,S,120-11-6,,,254.3236,CC=Cc1ccc(c(c1)OC)OCc2ccccc2,CC=CC1=CC(=C(C=C1)OCC2=CC=CC=C2)OC,55005,764139,61046,FALSE,61046,55005,pretty much the same so used csid
104576,BENZYL ISOVALERATE,ESTER,,103-38-8,,,191.2468,CC(C)C(Cc1ccccc1)C(=O)[O-],CC(C)CC(=O)OCC1=CC=CC=C1,16344000,7651,17894702,FALSE,7651,7368,changed csid
105497,BENZYL PHENYLACETATE,ESTER,,102-16-9,,,225.26252,[O-]C(=O)CC(c1ccccc1)c2ccccc2,C1=CC=C(C=C1)CC(=O)OCC2=CC=CC=C2,5323214,60999,6950268,FALSE,60999,54960,changed csid
660408,BENZYL SALICYLATE,ESTER,,118-58-1,,,228.2433,c1ccc(cc1)COC(=O)c2ccccc2O,C1=CC=C(C=C1)COC(=O)C2=CC=CC=C2O,8060,8363,8363,TRUE,8363,8060,
601764,BETA NAPTHYL ISO BUTYL ETHER,ETHER,S,2173-57-1,,,200.2762,CC(C)COc1cccc2c1cccc2,CC(C)COC1=CC2=CC=CC=C2C=C1,206689,16582,236772,FALSE,16582,15722,changed csid
106105,BIGARADE OXIDE,ETHER,,72429-08-4,,,194.3132,CC1=C(CC2COC(CC2C1)(C)C)C,NA,17334119,,16205938,FALSE,16205938,17334119,same two options
195832,BOISIRIS,ETHER,,68845-00-1,,,222.3663,CCO[C@]1(CC[C@@H]2C(=C)[C@H]1CCC2(C)C)C,CCOC1(CCC2C(=C)C1CCC2(C)C)C,31042922,102602475,71773966,FALSE,102602475,99931,changed csid
129858,BORNAFIX,ALCOHOL,,128119-70-0,,,226.355,CC(CO)COC1CC2CCC1(C2(C)C)C,NA,14285665,,18955245,FALSE,18955245,14285665,found pubchem cas and it was the same
130138,BORNYL ACETATE L CRYST.,ESTER,,5655-61-8,,,196.286,CC(=O)O[C@@H]1C[C@@H]2CC[C@]1(C2(C)C)C,CC(=O)OC1CC2CCC1(C2(C)C)C,83962,6448,93009,FALSE,6448,83962,did not change cid as it was the same molecule - something about pulling the smile from the scid must have been wrong
690997,BORONAL,ALDEHYDE,,3155-71-3,,,27.8183,B=O,CC1=C(C(CCC1)(C)C)CC=C(C)C=O,16435206,5369997,518615,FALSE,5369997,4520916,4520916
131249,BOURGEONAL,ALDEHYDE,,18127-01-0,,,190.2814,CC(C)(C)c1ccc(cc1)CCC=O,CC(C)(C)C1=CC=C(C=C1)CCC=O,58364,64832,64832,TRUE,64832,58364,
195583,BUCCOXIMEÎ,OXIME,,75147-23-8,,,350.3282,c1ccc(cc1)N(c2ccccc2)Nc3ccc(cc3[N+](=O)[O-])[N+](=O)[O-],CC12CCCC(C1=NO)(CC2)C,212785,166450,NA,NA,166450,145690,changed csid
130149,BUTYL ACETATE,ESTER,,123-86-4,,,116.1583,CCCCOC(=O)C,CCCCOC(=O)C,29012,31272,31272,TRUE,31272,29012,
131339,BUTYL BUTYRYL LACTATE,ESTER,,7492-70-8,,,216.2741,CCCCOC(=O)[C@@H](C)OC(=O)CCC,CCCCOC(=O)C(C)OC(=O)CCC,32786871,24114,36689612,FALSE,24114,22539,changed csid
164709,BUTYL CYCLOHEXANOL PARA-TERT.,ALCOHOL,S,98-52-2,,,156.2652,CC(C)(C)C1CCC(CC1)O,CC(C)(C)C1CCC(CC1)O,7113,7391,7391,TRUE,7391,7113,
104625,BUTYL CYCLOHEXANON PARA-TERT.,KETONE,S,98-53-3,,,154.2493,CC(C)(C)C1CCC(=O)CC1,CC(C)(C)C1CCC(=O)CC1,7114,7392,7392,TRUE,7392,7114,
197017,BUTYL QUINOLINE-6-SEC.(PYRALONE),HETEROCYCLIC,,65442-31-1,,,185.2649,CCC(C)c1ccc2c(c1)cccn2,CCC(C)C1=CC2=C(C=C1)N=CC=C2,93359,103401,103401,TRUE,103401,93359,
131437,CALONE,KETONE,S,28940-11-6,,,178.1846,Cc1ccc2c(c1)OCC(=O)CO2,CC1=CC2=C(C=C1)OCC(=O)CO2,107218,120101,120101,TRUE,120101,107218,
164178,CAMPHENE,HYDROCARBON,S,79-92-5,,,136.234,CC1([C@@H]2CC[C@@H](C2)C1=C)C,CC1(C2CCC(C2)C1=C)C,83259,6616,92221,FALSE,6616,6364,changed csid
130465,CAMPHOR DL,KETONE,S,76-22-2,,,152.2334,C[C@]12CC[C@H](C1(C)C)CC2=O,NA,392267,2537 | 159055,444294,FALSE,2537,2441,"went with first cid, changed csid"
904679,CAMPHOR DL FG (ORAL CARE & FRA USE ONLY),KETONE,S,76-22-2,,,152.2334,C[C@]12CC[C@H](C1(C)C)CC2=O,NA,392267,2537 | 159055,444294,FALSE,2537,2441,"went with first cid, changed csid"
131501,CANTHOXAL,ALDEHYDE,,1301152,,,178.2277,CC(Cc1ccc(cc1)OC)C=O,CC(CC1=CC=C(C=C1)OC)C=O,58345,64813,64813,TRUE,64813,58345,
100205,CANTRYLÎ,NITRILE,,15373-31-6,,,138.2499,CC1(C)C(/C)=C\CC1CC,CC1=CCC(C1(C)C)CC#N,10302378,85833,21719221,FALSE,85833,77421,changed csid
660534,CARVACROL,PHENOL,,499-75-2,,,151.1842,CNC(=O)CS(=O)(=O)C,CC1=C(C=C(C=C1)C(C)C)O,26051340,10364,58808409,FALSE,10364,21105867,changed csid
106811,CARVONE D NAT.,KETONE,,2244-16-8,,,228.2053,c1nc(nc(=O)n1[C@H]2C[C@H]([C@H](O2)CO)O)N,CC1=CCC(CC1=O)C(=C)C,21475139,16724,42104882,FALSE,16724,15855,"changed scid (they still don't have the correct structure, should be fine for density0"
130178,CARVONE L,KETONE,,6485-40-1,,,150.2176,CC1=CCC(CC1=O)C(=C)C,NA,21106424,,7439,FALSE,439570,21106424,"added pubchem id; changed csid (not correct chirality again, but it'll be fine for density)"
611499,CARYOPHYLLENE ACETATE,ESTER,,57082-24-3,,,264.403,CC(=O)OC12CCCC(C1)(CCC3C2CC3(C)C)C,CC(=O)OC12CCCC(C1)(CCC3C2CC3(C)C)C,55961,90473619,62127,FALSE,90473619,55961,"no change in scid - shows beta verion, OK"
690012,CARYOPHYLLENE NAT. RECT.,HYDROCARBON,,87-44-5,,,204.3511,C/C/1=C/CCC(=C)C2CC([C@@H]2CC1)(C)C,NA,28473589,5281515 | 5322111,101591657,FALSE,5281515,4444848,changed csid
198024,CASHMERAN,KETONE,S,33704-61-9,,,206.3239,C[C@H]1C(C2=C(C1(C)C)C(=O)CCC2)(C)C,CC1C(C2=C(C1(C)C)C(=O)CCC2)(C)C,32787248,92292,76956891,FALSE,92292,83324,changed csid
658615,CASSIONE,KETONE,S,55418-52-5,,,192.2112,CC(=O)CCc1ccc2c(c1)OCO2,CC(=O)CCC1=CC2=C(C=C1)OCO2,55934,62098,62098,TRUE,62098,55934,
131288,CEDRAMBER,ETHER,,19870-74-7,,,236.3929,CC1CCC2C13CCC(C(C3)C2(C)C)(C)OC,NA,21160668,,24758199,FALSE,88288,79648,looked up pubchem and changed csid
130188,CEDROL CRIST.,ALCOHOL,S,77-53-2,,,222.3663,C[C@@H]1CC[C@@H]2[C@]13CC[C@@]([C@H](C3)C2(C)C)(C)O,CC1CCC2C13CCC(C(C3)C2(C)C)(C)O,59018,65575,65575,TRUE,65575,59018,
197011,CEDROXID,ETHER,,71735-79-0,,,220.3505,C/C/1=C/CCC2(C(O2)CC/C(=C\CC1)/C)C,CC1=CCCC2(C(O2)CCC(=CCC1)C)C,5021071,6538423,6538423,TRUE,6538423,5021071,
131278,CEDRYL ACETATE,ESTER,,77-54-3,,,264.403,C[C@@H]1CC[C@@H]2[C@]13CC[C@@]([C@@H](C3)C2(C)C)(C)OC(=O)C,CC1CCC23CC1C(C2CCC3(C)OC(=O)C)(C)C,29415663,54146524,71719438,FALSE,54146524,209770,changed csid
130185,CEDRYL ACETATE CRYST.,ESTER,S,77-54-3,,,264.403,C[C@@H]1CC[C@@H]2[C@]13CC[C@@]([C@@H](C3)C2(C)C)(C)OC(=O)C,CC1CCC23CC1C(C2CCC3(C)OC(=O)C)(C)C,29415663,54146524,71719438,FALSE,54146524,209770,changed csid
105655,CETALOX,ETHER,S,3738-00-9,,,236.3929,O2CC[C@H]3[C@@]1(C(C(CCC1)(C)C)CC[C@@]23C)C,CC1(CCCC2(C1CCC3(C2CCO3)C)C)C,9282502,10857465,11107366,FALSE,10857465,9032756,changed csid
105253,CETONAL,ALDEHYDE,,65405-84-7,,,208.3398,CC1=C(C(CCC1)(C)C)CCC(C)C=O,CC1=C(C(CCC1)(C)C)CCC(C)C=O,503408,579157,579157,TRUE,579157,503408,
103631,CETONE ALPHA,KETONE,,127-51-5,,,206.3239,CC1=CCCC(C1/C=C(\C)/C(=O)C)(C)C,CC1=CCCC(C1C=C(C)C(=O)C)(C)C,4522510,5372174,5372174,TRUE,5372174,4522510,
600144,CHRYSANTHEME,KETONE,,69929-17-5,,,194.3132,CC1C=C(CCC1C(=O)C(C)(C)C)C,CC1C=C(CCC1C(=O)C(C)(C)C)C,100566,112185,112185,TRUE,112185,100566,
600474,CINAROL,ALCOHOL,,1504-55-8,,,148.2017,C/C(=C\CO)/c1ccccc1,NA,4575656,5369489 | 6393846,5462893,FALSE,5369489,4575656,used first cid; didn't change csid because it looks the same (smiles must be wrong)
654060,CINNAMIC ALCOHOL,ALCOHOL,S,104-54-1,,,134.1751,c1ccc(cc1)/C=C/CO,C1=CC=C(C=C1)C=CCO,21105870,5315892,5315892,TRUE,5315892,21105870,
654040,CINNAMIC ALDEHYDE,ALDEHYDE,,104-55-2,,,132.1592,c1ccc(cc1)/C=C/C=O,C1=CC=C(C=C1)C=CC=O,553117,637511,637511,TRUE,637511,553117,
611105,CINNAMYL ACETATE,ESTER,,103-54-8,,,176.2118,CC(=O)OC/C=C/c1ccccc1,CC(=O)OCC=CC1=CC=CC=C1,7377,5282110,5282110,TRUE,5282110,7377,
103394,CINNAMYL ISOBUTYRATE,ESTER,,103-59-3,,,204.2649,CC(C)C(=O)OC/C=C/c1ccccc1,CC(C)C(=O)OCC=CC1=CC=CC=C1,4511740,5355851,5355851,TRUE,5355851,4511740,
131345,CINNAMYL NITRILE,NITRILE,,1885-38-7,,,129.1586,c1ccc(cc1)/C=C\C#N,C1=CC=C(C=C1)C=CC#N,1361450,1550846,1711919,FALSE,1550846,1267328,changed csid
658620,CISTULATE 09126,ESTER,,52557-97-8,,,182.2594,CC1([C@@H]2CC[C@@H](C2)C1C(=O)OC)C,CC1(C2CCC(C2)C1C(=O)OC)C,32814825,55250360,55250360,TRUE,55250360,32814825,
157503,CITRAL 95,ALDEHYDE,,5392-40-5,,,174.2805,CC(C)C(CCC(C)C(C)O)O,NA,23254572,638011 | 643779,12713836,FALSE,638011,553578,changed csid
690127,CITRAL DIETHYL ACETAL,ACETAL,,7492-66-2,,,226.355,CCOC(/C=C(\C)/CCC=C(C)C)OCC,CCOC(C=C(C)CCC=C(C)C)OCC,4517739,5365794,5365794,TRUE,5365794,4517739,
164229,CITRIC ACID MONOHYDRATE MSF,ACID,S,5949-29-1,77-92-9,,210.1388,C(C(=O)O)C(CC(=O)O)(C(=O)O)O.O,C(C(=O)O)C(CC(=O)O)(C(=O)O)O.O,20872,22230,22230,TRUE,22230,20872,
601344,CITRONELLAL NAT. SUPRA,ALDEHYDE,,106-23-0,,,154.2493,O=CC(CCC/C=C(/C)C)C,CC(CCC=C(C)C)CC=O,8278890,7794,10103362,FALSE,7794,67959,changed csid
188285,CITRONELLAL SYNTH.,ALDEHYDE,,106-23-0,,,154.2493,O=CC(CCC/C=C(/C)C)C,CC(CCC=C(C)C)CC=O,8278890,7794,10103362,FALSE,7794,67959,changed csid
106184,CITRONELLOL 950,ALCOHOL,,106-22-9,,,156.2652,CC(CCC=C(C)C)CCO,CC(CCC=C(C)C)CCO,13850135,8842,8842,TRUE,8842,13850135,
106216,CITRONELLYL ACETATE EXTRA,ESTER,,150-84-5,,,198.3019,CC(CCC=C(C)C)CCOC(=O)C,CC(CCC=C(C)C)CCOC(=O)C,8667,9017,9017,TRUE,9017,8667,
103596,CITRONELLYL BUTYRATE,ESTER,,141-16-2,,,226.355,CCCC(=O)OCCC(C)CCC=C(C)C,CCCC(=O)OCCC(C)CCC=C(C)C,8503,8835,8835,TRUE,8835,8503,
103597,CITRONELLYL FORMATE,ESTER,,105-85-1,,,202.2906,CC(CCC=C(C)C)CCO.C(=O)O,CC(CCC=C(C)C)CCOC=O,58107148,7778,87510446,FALSE,7778,21427416,changed csid
131120,CITRONELLYL ISOBUTYRATE,ESTER,,97-89-2,,,226.355,CC(C)C(=O)OCCC(C)CCC=C(C)C,CC(C)C(=O)OCCC(C)CCC=C(C)C,54946,60985,60985,TRUE,60985,54946,
103598,CITRONELLYL PROPIONATE,ESTER,,141-14-0,,,212.3285,CCC(=O)OCC[C@H](C)CCC=C(C)C,NA,34987727,,38989039,FALSE,8834,8502,looked up in pubchem with cid; changed csid
104083,CITRONELLYL TIGLATE,ESTER,,24717-85-9,,,238.3657,C/C=C(\C)/C(=O)OCC[C@H](C)CCC=C(C)C,CC=C(C)C(=O)OCCC(C)CCC=C(C)C,30771723,6386037,40418649,FALSE,6386037,81794,changed csid
611455,CITRONITRILE,NITRILE,,53243-59-7,53243-60-0,93893-89-1,171.2383,C/C(=C/C#N)/CCc1ccccc1,CC(=CC#N)CCC1=CC=CC=C1,1154998,1381163,1381163,TRUE,1381163,1154998,
103593,CITROWANILÎ B,NITRILE,,97384-48-0,,,171.2383,CC(Cc1ccccc1)(C=C)C#N,NA,4576366,,5463804,FALSE,5463804,4576366,looked up cid by cas; did not change CID
690980,CITRYLAL,ACETAL,,147060-73-9,90480-35-6,,152.2334,CC(=CCC/C(=C/C=O)/C)C,CC(=CCCC(=CC=O)C)C,8511,638011,638011,TRUE,638011,8511,
103080,CIVETONE,KETONE,S,542-46-1,,,250.4195,C1CCCCC(=O)CCCCCCC=CCCC1,C1CCCCC(=O)CCCCCCC=CCCC1,34451717,15020070,57104500,FALSE,15020070,4475121,changed csid
600285,CLARITONEÎ,KETONE,,74338-72-0,,,182.3025,O=C(C(C)C)C(C/C=C(/C)C)(C)C,CC(C)C(=O)C(C)(C)CC=C(C)C,7991177,9815427,9815427,TRUE,9815427,7991177,
198046,CLONAL,NITRILE,,2437-25-4,,,181.3177,CCCCCCCCCCCC#N,CCCCCCCCCCCC#N,16177,17092,17092,TRUE,17092,16177,
105136,CORPS EGLANTINE,ETHER,,64988-06-3,,,239.1587592,C1CNCCC1(C(F)(F)F)C(F)(F)F.O,NA,102427,,114369,FALSE,105179,94884,csid was sooooo wrong; looked up by cid
600164,CORPS RACINE,HETEROCYCLIC,,2110-18-1,,,197.2756,c1ccc(cc1)CCCc2ccccn2,C1=CC=C(C=C1)CCCC2=CC=CC=N2,404399,459494,459494,TRUE,459494,404399,
130217,COUMARIN,LACTONE,S,91-64-5,,,146.1427,c1ccc2c(c1)ccc(=O)o2,C1=CC=C2C(=C1)C=CC(=O)O2,13848793,323,323,TRUE,323,13848793,
600303,COUMARONE,KETONE,S,1646-26-0,,,160.1693,CC(=O)c1cc2ccccc2o1,CC(=O)C1=CC2=CC=CC=C2O1,14690,15435,15435,TRUE,15435,14690,
104087,CRESYL ACETATE PARA,ESTER,,140-39-6,,,150.1745,Cc1ccc(cc1)OC(=O)C,CC1=CC=C(C=C1)OC(=O)C,21106001,8797,8797,TRUE,8797,21106001,
104088,CRESYL CAPRYLATE PARA,ESTER,,59558-23-5,,,234.334,CCCCCCCC(=O)Oc1ccc(cc1)C,CCCCCCCC(=O)OC1=CC=C(C=C1)C,39230,43046,43046,TRUE,43046,39230,
198026,CRESYL ISOBUTYRATE PARA,ESTER,,103-93-5,,,176.2548,Cc1ccc(cc1)CC(=O)C(C)C,CC1=CC=C(C=C1)OC(=O)C(C)C,11285196,7685,13004936,FALSE,7685,7401,changed csid
613754,CRESYL METHYL ETHER P(CR<10 PPM),ETHER,,104-93-8,,,226.3135,Cc1ccc(c(c1)C)Oc2ccc(cc2C)C,CC1=CC=C(C=C1)OC,15140423,7731,20530823,FALSE,7731,13865438,changed csid
660314,CRESYL METHYL ETHER PARA,ETHER,,104-93-8,,,226.3135,Cc1ccc(c(c1)C)Oc2ccc(cc2C)C,CC1=CC=C(C=C1)OC,15140423,7731,20530823,FALSE,7731,13865438,changed csid
131022,CRESYL PHENYL ACETATE PARA,ESTER,S,101-94-0,,,226.2705,Cc1ccc(cc1)OC(=O)Cc2ccccc2,CC1=CC=C(C=C1)OC(=O)CC2=CC=CC=C2,54958,60997,60997,TRUE,60997,54958,
131180,CUMINIC ALCOHOL,ALCOHOL,,536-60-7,,,479.9077,CCCCCCCCCCCCCCCCC(C)(CCCCCCCCCCCCCCC)N,CC(C)C1=CC=C(C=C1)CO,28591566,325,71431933,FALSE,325,21105932,changed csid
164812,CUMINIC ALDEHYDE,ALDEHYDE,,122-03-2,,,148.2017,CC(C)c1ccc(cc1)C=O,CC(C)C1=CC=C(C=C1)C=O,21106431,326,326,TRUE,326,21106431,
659576,CUMINIC NITRILE,NITRILE,,13816-33-6,,,145.201,CC(C)c1cccc(c1)C#N,CC(C)C1=CC=C(C=C1)C#N,226782,26289,258440,FALSE,26289,24493,changed csid
103303,CYCLABUTE,ESTER,,67634-20-2,68039-39-4,,220.3074,CC(C)C(=O)OC1CC2CC1C3C2CC=C3,CC(C)C(=O)OC1CC2CC1C3C2CC=C3,96077,90474664,106745,FALSE,90474664,96077,"no change in csid - shows chiral, okay for density"
130935,CYCLAMEN ALDEHYDE,ALDEHYDE,,103-95-7,,,190.2814,CC(C)c1ccc(cc1)CC(C)C=O,CC(C)C1=CC=C(C=C1)CC(C)C=O,451801,517827,517827,TRUE,517827,451801,
903737,CYCLEMAX,ALDEHYDE,,7775-00-0,,,176.2548,CC(C)c1ccc(cc1)CCC=O,CC(C)C1=CC=C(C=C1)CCC=O,56405,62654,62654,TRUE,62654,56405,
131325,DIBUTYL SULFIDE,ETHER,,544-40-1,,,146.2935,CCCCSCCCC,CCCCSCCCC,10536,11002,11002,TRUE,11002,10536,
660556,DIHYDRO ANETHOLE,ETHER,,104-45-0,,,150.2176,CCCc1ccc(cc1)OC,CCCC1=CC=C(C=C1)OC,13850344,7702,7702,TRUE,7702,13850344,
103574,DIHYDRO IONONE BETA,KETONE,,17283-81-7,,,194.3132,CC1=C(C(CCC1)(C)C)CCC(=O)C,CC1=C(C(CCC1)(C)C)CCC(=O)C,453036,519382,519382,TRUE,519382,453036,
130253,DIHYDRO JASMONE,KETONE,,1128-08-1,,,166.26,CCCCCC1=C(CCC1=O)C,CCCCCC1=C(CCC1=O)C,56166,62378,62378,TRUE,62378,56166,
103011,DIHYDRO MYRCENOL,ALCOHOL,,18479-58-8,,,156.2652,CC(CCCC(C)(C)O)C=C,CC(CCCC(C)(C)O)C=C,27067,29096,29096,TRUE,29096,27067,
601343,DIHYDRO MYRCENYL ACETATE,ESTER,,53767-93-4,,,198.3019,CC(CCCC(C)(C)OC(=O)C)C=C,CCC(=C)CCCC(C)(C)OC(=O)C,93738,6432847,103826,FALSE,6432847,4938062,changed csid
600515,DIHYDROAMBRETTOLIDE,LACTONE,S,109-29-5,,,254.4082,C1CCCCCCCC(=O)OCCCCCCC1,C1CCCCCCCC(=O)OCCCCCCC1,7695,7984,7984,TRUE,7984,7695,
131143,DIHYDROCARVYL ACETATE,ESTER,,20777-49-5,,,196.286,CC1CCC(CC1OC(=O)C)C(=C)C,CC1CCC(CC1OC(=O)C)C(=C)C,28089,30248,30248,TRUE,30248,28089,
130941,DIMETHYL ANTHRANILATE EXTRA,ESTER,,85-91-6,,,165.1891,CNc1ccccc1C(=O)OC,CNC1=CC=CC=C1C(=O)OC,21108245,6826,6826,TRUE,6826,21108245,
130255,DIMETHYL BENZYL CARBINOL,ALCOHOL,,100-86-7,,,150.2176,CC(C)(Cc1ccccc1)O,CC(C)(CC1=CC=CC=C1)O,7250,7531,7531,TRUE,7531,7250,
130254,DIMETHYL BENZYL CARBINYL ACETATE,ESTER,,151-05-3,,,257.28626,CCN(CCO)c1ccc(c(c1)C)N.[N+](=O)(O)[O-],CC(=O)OC(C)(C)CC1=CC=CC=C1,76389,9024,NA,NA,9024,8673,changed csid
903930,DIMETHYL BENZYL CARBINYL ACETATE FG,ESTER,,151-05-3,,,257.28626,CCN(CCO)c1ccc(c(c1)C)N.[N+](=O)(O)[O-],CC(=O)OC(C)(C)CC1=CC=CC=C1,76389,9024,NA,NA,9024,8673,changed csid
903994,DIMETHYL BENZYL CARBINYL BUTYRAT FG,ESTER,,10094-34-5,,,220.3074,CCCC(=O)OC(C)(C)Cc1ccccc1,CCCC(=O)OC(C)(C)CC1=CC=CC=C1,23294,24915,24915,TRUE,24915,23294,
104283,DIMETHYL BENZYL CARBINYL BUTYRATE,ESTER,,10094-34-5,,,220.3074,CCCC(=O)OC(C)(C)Cc1ccccc1,CCCC(=O)OC(C)(C)CC1=CC=CC=C1,23294,24915,24915,TRUE,24915,23294,
131314,"DIMETHYL ETHYL PYRAZINE-3,5(6),2",HETEROCYCLIC,,27043-05-6,,,272.3886,CCc1c(ncc(n1)C)C.CCc1c(nc(cn1)C)C,CCC1=NC=C(N=C1C)C,17347410,26334,16220104,FALSE,26334,24536,changed csid
103067,DIMETHYL HYDROQUINONE,ETHER,S,150-78-7,,,138.1638,COc1ccc(cc1)OC,COC1=CC=C(C=C1)OC,21105878,9016,9016,TRUE,9016,21105878,
902804,DIMETHYL OCTENONE,KETONE,,2550-11-0,,,192.2973,CCCCc1cccc(c1O)CCC,CCC(=O)C(C)CC=C(C)C,183057,102844,211161,FALSE,102844,92902,changed csid
699708,DIOCTYL ADIPATE,ESTER,,103-23-1,,,370.5665,CCCC[C@@H](CC)COC(=O)CCCCC(=O)OC[C@H](CC)CCCC,CCCCC(CC)COC(=O)CCCCC(=O)OCC(CC)CCCC,32787426,7641,40468166,FALSE,7641,7358,changed csid
658651,DIOLA,ETHER,,1040030,,,116.2013,CCCCCCOC,CCCCCCOC,70849,78484,78484,TRUE,78484,70849,
104099,DIPHENYL METHANE,HYDROCARBON,,101-81-5,,,168.2344,c1ccc(cc1)Cc2ccccc2,C1=CC=C(C=C1)CC2=CC=CC=C2,7299,7580,7580,TRUE,7580,7299,
130273,DIPHENYL OXIDE,ETHER,,101-84-8,,,170.2072,c1ccc(cc1)Oc2ccccc2,C1=CC=C(C=C1)OC2=CC=CC=C2,7302,7583,7583,TRUE,7583,7302,
160102,DIPROPYLENE GLYCOL,ALCOHOL,,25265-71-8,,,146.2273,CC=C.CC=C.C(CO)O,C(CO)COCCCO,23078620,32857,87058044,FALSE,32857,30445,changed csid
657948,"DODECADIENAL 2,6",ALDEHYDE,,21662-13-5,,,180.2866,CCCCC/C=C\CC/C=C/C=O,CCCCCC=CCCC=CC=O,4936098,6430759,6430759,TRUE,6430759,4936098,
130286,DODECALACTONE DELTA,LACTONE,,713-95-1,,,198.3019,CCCCCCC[C@H]1CCCC(=O)O1,CCCCCCCC1CCCC(=O)O1,5028522,12844,6566009,FALSE,12844,12314,changed csid
690750,DODECALACTONE GAMMA,LACTONE,,148051,,,198.3019,CCCCCCCCC1CCC(=O)O1,CCCCCCCCC1CCC(=O)O1,15940,16821,16821,TRUE,16821,15940,
131469,DODECENAL TRANS-2,ALDEHYDE,,20407-84-5,,,182.30248,CCCCCCCCC/C=C/C=O,CCCCCCCCCC=CC=O,4446482,5283361,5283361,TRUE,5283361,4446482,
178583,DOWANOL DPM,ETHER,,34590-94-8,,,148.2001,CCC(O)OCCCOC,COCCCOCCCO,17215460,66984,22833331,FALSE,66984,60342,changed csid
107231,DOWANOL TPM,ETHER,,25498-49-1,,,206.2793,CC(CO)OC(C)COC(C)COC,CC(COC(C)COC(C)COC)O,30564,30111,33023,FALSE,30111,27970,changed csid
198072,DUPICAL,ALDEHYDE,,30168-23-1,,,204.308,C1CC2C(C1)C3CC2CC3=CCCC=O,C1CC2C(C1)C3CC2CC3=CCCC=O,21229677,90472417,121646,FALSE,90472417,4942777,changed csid
100202,DYNASCONE,KETONE,,56973-85-4,,,192.2973,CC1(CCC=C(C1)C(=O)CCC=C)C,CC1(CCC=C(C1)C(=O)CCC=C)C,83599,92606,92606,TRUE,92606,83599,
105703,EBANOL,ALCOHOL,,67801-20-1,,,208.3398,CC1=CCC(C1(C)C)C=CC(C)C(C)O,CC1=CCC(C1(C)C)CCC(=C(C)O)C,21162396,118856007,106813,FALSE,118856007,21162396,did not change cid - pretty much the same
103853,ELINTAL FORTE,ACETAL,,40910-49-4,,,226.355,O=C1OCCCCCCCCCCC[C@@H]1C,CCOC(C)OC(C)(CCC=C(C)C)C=C,5429330,162027,7076633,FALSE,162027,142303,changed csid
130298,ETHYL ACETATE,ESTER,,141-78-6,,,88.1051,CCOC(=O)C,CCOC(=O)C,8525,8857,8857,TRUE,8857,8525,
164019,ETHYL ACETOACETATE,ESTER,,141-97-9,,,130.1418,CCOC(=O)CC(=O)C,CCOC(=O)CC(=O)C,13865426,8868,8868,TRUE,8868,13865426,
105384,ETHYL BENZOYL ACETATE,ESTER,,94-02-0,,,198.2588,CCOC(=O)CC(=O)C1CCCCC1,CCOC(=O)CC(=O)C1=CC=CC=C1,234069,7170,266327,FALSE,7170,6902,changed csid
660448,ETHYL CINNAMATE,ESTER,,103-36-6,,,313.3694,CCOC(=O)c1ccc(cc1N2CCOCC2)S(=O)(=O)C,CCOC(=O)C=CC1=CC=CC=C1,26403950,637758,77231576,FALSE,637758,553344,changed csid
131245,"ETHYL DECADIENOATE TRANS CIS-2,4",ESTER,,3025-30-7,,,196.286,CCCCC/C=C\C=C\C(=O)OCC,CCCCCC=CC=CC(=O)OCC,4444602,5281162,5281162,TRUE,5281162,4444602,
131130,ETHYL ISOBUTYRATE,ESTER,,97-62-1,,,116.1583,CCOC(=O)C(C)C,CCOC(=O)C(C)C,7065,7342,7342,TRUE,7342,7065,
130601,ETHYL LACTATE,ESTER,,97-64-3,,,118.1311,CCOC(=O)C(C)O,CCOC(=O)C(C)O,13837423,7344,7344,TRUE,7344,13837423,
104760,ETHYL LAURATE,ESTER,,106-33-2,,,228.3709,CCCCCCCCCCCC(=O)OCC,CCCCCCCCCCCC(=O)OCC,7512,7800,7800,TRUE,7800,7512,
131323,ETHYL LINALOOL,ALCOHOL,,10339-55-6,,,182.3025,CC/C=C/C(C)(CCC=C(C)C)O,CCOC(C)(CCC=C(C)C)C=C,57575556,175211,13720000,FALSE,175211,152723,changed csid
105874,ETHYL LINALYL ACETATE,ESTER,,61931-80-4,,,210.3126,CCC(=CCCC(C)(C=C)OC(=O)C)C,CCCC(=O)OC(C)(CCC=C(C)C)C=C,21161945,62321,43851,FALSE,62321,56116,change csid
131471,ETHYL LINOLEATE,ESTER,,544-35-4,,,308.49864,CCCCC/C=C\C/C=C\CCCCCCCC(=O)OCC,CCCCCC=CCC=CCCCCCCCC(=O)OCC,4445379,5282184,5282184,TRUE,5282184,4445379,
116165,ETHYL MALTOL,KETONE,S,1110651,,,140.1366,CCc1c(c(=O)cco1)O,CCC1=C(C(=O)C=CO1)O,19804,21059,21059,TRUE,21059,19804,
611402,ETHYL METHYL BUTYRATE-2,ESTER,,7452-79-1,,,316.3351,CCOC(=O)c1cnc([nH]c1=O)Nc2nc3ccccc3s2,CCC(C)C(=O)OCC,28595366,24020,17756684,FALSE,24020,22453,change csid
105951,ETHYL PHENYL ACETATE,ESTER,,101-97-3,,,210.2695,CCOCC.c1ccc(cc1)CC(=O)O,CCOC(=O)CC1=CC=CC=C1,23621260,7590,70386575,FALSE,7590,13885245,change csid
103250,ETHYL PROPIONATE,ESTER,,105-37-3,,,102.1317,CCC(=O)OCC,CCC(=O)OCC,7463,7749,7749,TRUE,7749,7463,
131421,ETHYL RICINOLEATE,ESTER,,55066-53-0,,,326.5139,CCCCCC[C@H](C/C=C/CCCCCCCC(=O)OCC)O,NA,29355624,,92281379,FALSE,92281379,29355624,
105543,ETHYL SALICYLATE,ESTER,,118-61-6,,,166.1739,CCOC(=O)c1ccccc1O,CCOC(=O)C1=CC=CC=C1O,21105897,8365,8365,TRUE,8365,21105897,
130141,ETHYL VANILLIN,ALDEHYDE,S,121-32-4,,,166.1739,CCOc1cc(ccc1O)C=O,CCOC1=C(C=CC(=C1)C=O)O,8154,8467,8467,TRUE,8467,8154,
130966,ETHYLENE BRASSYLATE,ESTER,,105-95-3,,,270.3645,C1CCCCCC(=O)OCCOC(=O)CCCCC1,C1CCCCCC(=O)OCCOC(=O)CCCCC1,54974,61014,61014,TRUE,61014,54974,
608025,EUGENOL NAT.,PHENOL,,97-53-0,,,164.2011,COc1cc(ccc1O)CC=C,COC1=C(C=CC(=C1)CC=C)O,13876103,3314,3314,TRUE,3314,13876103,
131135,EUGENYL ACETATE,ESTER,,93-28-7,,,206.2378,CC(=O)Oc1ccc(cc1OC)CC=C,NA,6869,,7136,FALSE,7136,6869,
131176,EVERNYL,ESTER,S,4707-47-5,,,196.1999,Cc1cc(c(c(c1C(=O)OC)O)C)O,CC1=CC(=C(C(=C1C(=O)OC)O)C)O,70804,78435,78435,TRUE,78435,70804,
101800,EXALTENONE 942008,KETONE,S,14595-54-1,35720-57-1,,222.3663,C1CCCCCC(=O)CC/C=C\CCCC1,C1CCCCCC(=O)CCC=CCCCC1,4896164,6365389,6365389,TRUE,6365389,4896164,
120648,EXOVERT HIGH IMPACT,ESTER,,37172-53-5,,,226.312,CCCCCC[C@@H]1[C@H](CCC1=O)C(=O)OC,CCCCCCC1C(CCC1=O)C(=O)OC,34995989,162249,76970451,FALSE,162249,142479,changed csid
656019,FARENALÎ,ALDEHYDE,,141-13-9,,,210.3556,CC(CCCC(C)C=O)CCC=C(C)C,CC(CCCC(C)C=O)CCC=C(C)C,88859,98403,98403,TRUE,98403,88859,
130329,FARNESOL,ALCOHOL,,4602-84-0,,,222.3663,CC(=CCC/C(=C/CC/C(=C/CO)/C)/C)C,NA,392816,445070 | 1549107,445070,FALSE,445070,392816,
131317,FENCHOL,ALCOHOL,S,1632-73-1,,,154.2493,CC1(C2CCC(C2)(C1O)C)C,CC1(C2CCC(C2)(C1O)C)C,14665,6997371,15406,FALSE,6997371,14665,"csid is right, smiles must be wrong somehow"
130337,FENCHYL ACETATE,ESTER,,13851-11-1,,,196.286,CC(=O)OC1C(C2CCC1(C2)C)(C)C,CC(=O)OC1C(C2CCC1(C2)C)(C)C,96486,61696,107217,FALSE,61696,55599,changed csid
690986,FILBERTONE,KETONE,,81925-81-7,,,126.1962,CCC(C)C(=O)/C=C\C,CCC(C)C(=O)C=CC,35013882,5362588,89357606,FALSE,5362588,451771,changed scid
100188,FLEURANIL,NITRILE,,134123-93-6,,,187.2808,CCc1ccc(cc1)CC(C)(C)C#N,CCC1=CC=C(C=C1)CC(C)(C)C#N,144100,164355,164355,TRUE,164355,144100,
643592,FLORAL SUPER,ALDEHYDE,,71077-31-1,,,180.2866,CC(CCC=C(C)CCC=O)C=C,NA,21168193,,116736,FALSE,116736,21168193,
106597,FLORHYDRAL,ALDEHYDE,,125109-85-5,,,190.2814,CC(C)c1cccc(c1)C(C)CC=O,CC(C)C(CCC1=CC=CC=C1)C=O,77763,83829590,86209,FALSE,83829590,77763,"chemspider doesn't have it, but this is close enough"
690307,FLOROPAL,ACETAL,,5182-36-5,,,218.6424,c1cc(cc(c1)Cl)n2c(c(cn2)C#N)N,NA,641750,,734496,FALSE,107381,96644,looked up in pubchem with cid; changed csid
103519,FLOROSA,ALCOHOL,,63500-71-0,,,172.2646,CC(C)CC1CC(CCO1)(C)O,CC(C)CC1CC(CCO1)(C)O,2285174,3017432,3017432,TRUE,3017432,2285174,
903971,FLOROSA BM / PYRANOL,ALCOHOL,,63500-71-0,,,172.2646,CC(C)CC1CC(CCO1)(C)O,CC(C)CC1CC(CCO1)(C)O,2285174,3017432,3017432,TRUE,3017432,2285174,
103822,FRAGOLANEÎ,ESTER,,6290-17-1,,,188.2209,O=C(OCC)C[C@@]1(OC[C@@H](O1)C)C,CCOC(=O)CC1(OCC(O1)C)C,5362401,95392,6994384,FALSE,95392,86088,changed csid
131479,FRAMBINONÎ METHYL ETHER,KETONE,,104-20-1,,,103.1429,C1COC(=S)N1,CC(=O)CCC1=CC=C(C=C1)OC,2015027,61007,2733223,FALSE,61007,54968,changed csid
103208,FREESIOL / CORPS 119,ALCOHOL,,13254-34-7,,,144.2545,CC(C)CCCC(C)(C)O,CC(C)CCCC(C)(C)O,75130,83268,83268,TRUE,83268,75130,
600165,FRESCOLATÎ MGA,ACETAL,,63187-91-7,,,228.3279,C[C@H]1CC[C@@H]([C@]2(C1)OC[C@H](O2)CO)C(C)C,CC1CCC(C2(C1)OCC(O2)CO)C(C)C,34987393,9964606,73416201,FALSE,9964606,8140199,changed csid
131156,FRESCOMENTHE,KETONE,,14765-30-1,,,154.2493,O=C1CCCC[C@H]1[C@H](CC)C,CCC(C)C1CCCCC1=O,5360744,61771,6992619,FALSE,61771,55659,changed csid
639794,FRUCTATE,ESTER,,155514-23-1,,,0,0,NA,0,,NA,NA,,,got nothing
106156,FRUITATE,ESTER,,129520-41-8,80623-07-0,80657-64-3,208.2967,CCOC(=O)[C@@]12CCC[C@@H]1[C@H]3CC[C@@H]2C3,NA,138471,,157342,FALSE,157342,138471,
611400,FRUTINAT,ESTER,,35206-51-0,,,170.2487,CC=CC(=O)OC(C)CC(C)C,CC=CC(=O)OC(C)CC(C)C,21229949,6440993,161859,FALSE,6440993,4945224,changed csid
172379,FRUTONILE,NITRILE,,69300-15-8,,,167.29114,CCCCCCCCC(C)C#N,CCCCCCCCC(C)C#N,2285556,3017923,3017923,TRUE,3017923,2285556,
600291,FURAMINTON/TONKALACTONE,LACTONE,,65817-24-5,,,162.1852,Cc1ccc2c(c1)OC(=O)[C@@H]2C,NA,34986275,,76968114,FALSE,9793908,7969675,looked up in pubchem with cid; changed csid
131225,FURANEOL,ALCOHOL,S,3658-77-3,,,128.1259,CC1C(=O)C(=C(O1)C)O,CC1C(=O)C(=C(O1)C)O,18218,19309,19309,TRUE,19309,18218,
130354,FURFURYL MERCAPTAN,ESTER,,98-02-2,,,114.1655,c1cc(oc1)CS,C1=COC(=C1)CS,7085,7363,7363,TRUE,7363,7085,
659519,FURFURYL PYRROLE,HETEROCYCLIC,,1438-94-4,,,149.1897,c1ccn(c1)CC2=CCCO2,C1=CN(C=C1)CC2=CC=CO2,28945393,15037,0,FALSE,15037,14312,changed csid
197635,GALBASCONE,KETONE,,56973-85-4,,,192.2973,CC1(CCC=C(C1)C(=O)CCC=C)C,CC1(CCC=C(C1)C(=O)CCC=C)C,83599,92606,92606,TRUE,92606,83599,
105864,GARDAMIDE,AMIDE,,84434-18-4,,,191.2695,CCC(C)C(=O)N(C)c1ccccc1,CCC(C)C(=O)N(C)C1=CC=CC=C1,143374,163414,163414,TRUE,163414,143374,
103908,GERANIOL SUPER,ALCOHOL,,106-24-1,,,154.2493,CC(=CCC/C(=C/CO)/C)C,NA,13849989,637566 | 643820,637566,FALSE,637566,13849989,
106215,GERANYL ACETATE PURE,ESTER,,105-87-3,,,196.286,CC(=CCC/C(=C/COC(=O)C)/C)C,CC(=CCCC(=CCOC(=O)C)C)C,1266019,1549026,1549026,TRUE,1549026,1266019,
104269,GERANYL ACETONE SYNTH.,KETONE,,3796-70-1,,,194.3132,CC(=CCC/C(=C/CCC(=O)C)/C)C,NA,1266569,1549778 | 1713001,1549778,FALSE,1549778,1266569,
103599,GERANYL BUTYRATE,ESTER,,106-29-6,,,339.2507,CCCOc1ccc(nn1)SCc2ccc(cc2)Br,CCCC(=O)OCC=C(C)CCC=C(C)C,218979,5355856,250049,FALSE,5355856,4511745,changed csid
105471,GERANYL FORMATE,ESTER,,105-86-2,,,200.2747,CC(=CCC/C(=C/CO)/C)C.C(=O)O,CC(=CCCC(=CCOC=O)C)C,58107147,5282109,87490813,FALSE,5282109,4445318,changed csid
131112,GERANYL ISOBUTYRATE,ESTER,,2345-26-8,,,224.3392,CC(C)C(=O)OC/C=C(\C)/CCC=C(C)C,CC(C)C(=O)OCC=C(C)CCC=C(C)C,4803060,6086514,6086514,TRUE,6086514,4803060,
131131,GERANYL ISOVALERATE,ESTER,,109-20-6,,,238.3657,CC(C)CC(=O)OC/C=C(\C)/CCC=C(C)C,CC(C)CC(=O)OCC=C(C)CCC=C(C)C,4515295,5362830,5362830,TRUE,5362830,4515295,
601133,GERANYL METHYL ETHER,ETHER,,2565-82-4,,,168.2759,CCC(=CCC/C(=C/CO)/C)C,CC(=CCCC(=CCOC)C)C,57575558,5365849,121513947,FALSE,5365849,4517792,changed csid
103600,GERANYL PHENYLACETATE,ESTER,,102-22-7,,,272.382,CC(=CCC/C(=C/COC(=O)Cc1ccccc1)/C)C,CC(=CCCC(=CCOC(=O)CC1=CC=CC=C1)C)C,4517973,5366044,5366044,TRUE,5366044,4517973,
131093,GERANYL PROPIONATE,ESTER,,105-90-8,,,210.3126,CCC(=O)OC/C=C(\C)/CCC=C(C)C,CCC(=O)OCC=C(C)CCC=C(C)C,4511742,5355853,5355853,TRUE,5355853,4511742,
103203,GERANYL TIGLATE,ESTER,,7785-33-3,,,236.3499,C/C=C(\C)/C(=O)OC/C=C(\C)/CCC=C(C)C,CC=C(C)C(=O)OCC=C(C)CCC=C(C)C,4519264,5367785,5367785,TRUE,5367785,4519264,
103117,GIVESCONE,ESTER,,57934-97-1,77851-07-1,,210.3126,CC1C=C([C@@H]2C([C@@]1(COC2C)CO)C)C,CCC1=CCCC(C1C(=O)OCC)(C)C,17461884,93847,16396492,FALSE,93847,84706,changed csid
106114,GLOBALIDEÎ,LACTONE,,111879-80-2,34902-57-3,,238.3657,O=C1OCCC\C=C/CCCCCCCCC1,NA,9783147,,11608392,FALSE,9856149,8031849,looked up in pubchem with cid; changed csid
600317,GLOBANONEÎ,KETONE,S,3100-36-5,,,236.3929,C1CCC/C=C/CCCCCCC(=O)CCC1,NA,4895976,5362739 | 6365152,6365152,FALSE,6365152,4895976,
199083,GLYCOLIERRAL,ACETAL,,68901-32-6,,,238.3657,CCCC1[C@@H]2C([C@](CO1)(C(C=C2C)C)CO)C,CC1CC2CC(C1CC2C(C)C)C3OCCO3,17461618,102602476,16396222,FALSE,102602476,99972,changed csid
199085,GRISALVA,ETHER,,68611-23-4,90411-73-7,,264.40302,CCC(=O)CCC1C(=CCCC1(C)C)C.C#CCO,CCC12CCC3C(CCCC3(C1COC2)C)(C)C,143278,90474858,163259,FALSE,90474858,52563591,changed csid
131059,GUAIYL ACETATE,ESTER,,61789-17-1,94333-88-7,,0,0,NA,0,,NA,NA,240122,55033,found in chemspider by name
105601,GYRANE,ETHER,,24237-00-1,,,168.2759,CCCCC1C=C(CC(O1)C)C,CCCCC1C=C(CC(O1)C)C,82300,91147,91147,TRUE,91147,82300,
103828,HELIONAL,ALDEHYDE,,1205-17-0,,,192.2112,CC(Cc1ccc2c(c1)OCO2)C=O,CC(CC1=CC2=C(C=C1)OCO2)C=O,58337,64805,64805,TRUE,64805,58337,
130382,HELIOTROPIN,ALDEHYDE,S,120-57-0,,,150.1314,c1cc2c(cc1C=O)OCO2,C1OC2=C(O1)C=C(C=C2)C=O,13859497,8438,8438,TRUE,8438,13859497,
106228,HELIOTROPIN/PIPERONAL NAT.,ALDEHYDE,S,120-57-0,,,150.1314,c1cc2c(cc1C=O)OCO2,C1OC2=C(O1)C=C(C=C2)C=O,13859497,8438,8438,TRUE,8438,13859497,
104002,HELIOTROPYL ACETATE,ESTER,,326-61-4,,,194.184,CC(=O)OCc1ccc2c(c1)OCO2,CC(=O)OCC1=CC2=C(C=C1)OCO2,9101,9473,9473,TRUE,9473,9101,
600543,HELVETOLIDE,ESTER,,141773-73-1,,,284.4342,CCC(=O)OCC(C)(C)O[C@@H](C)[C@H]1CCCC(C1)(C)C,NA,34991351,,76962326,FALSE,16063567,11227548,changed csid and also pubchem cid
130986,HEPTALACTONE GAMMA,LACTONE,,105-21-5,,,128.169,CCCC1CCC(=O)O1,CCCC1CCC(=O)O1,7456,7742,7742,TRUE,7742,7456,
131184,HEPTANAL DIETHYL ACETAL,ACETAL,,688-82-4,,,230.3437,CCCCCCC(=O)C(CC)C(CC)(O)O,CCCCCCC(OCC)OCC,31043618,69644,71774760,FALSE,69644,62845,changed csid
103261,HERBAC,KETONE,,25304-14-7,,,154.2493,CC(=O)C1CCCC(C1)(C)C,CC(=O)C1CCCC(C1)(C)C,82521,91388,91388,TRUE,91388,82521,
103247,HERBAFLORAT,ESTER,,5413-60-5,,,192.2542,CC(=O)OC1CC2CC1C3C2C=CC3,C1CCCCC(=CCCC1)C(C2=CCCCCCCCC2)C(=O)OC3=CCCCCCCCC3,99320,25234180,110655,FALSE,25234180,99320,"these don't match, but I can't find matching in chemspider"
195923,HERBANATE,ESTER,,116126-82-0,,,208.2967,CCOC(=O)[C@@H]1[C@@H]2C[C@H]([C@H]1C(C)C)C=C2,CC(C)CCC1C2CC(C1C(=O)O)C=C2,23349264,66795588,121232748,FALSE,66795588,23349264,These don't match eitherÉ
131523,HERBOXAN,ACETAL,,54546-26-8,,,186.2912,CCCCC1OC(CC(O1)(C)C)C,CCCCC1OC(CC(O1)(C)C)C,85337,94569,94569,TRUE,94569,85337,
131337,HERBYL PROPIONATE,ESTER,,17511-60-3,68912-13-0,,206.2808,CCC(=O)OC1CC2CC1C3C2C=CC3,CCC(=O)OC1CC2CC1C3C2CC=C3,78087,102601728,86579,FALSE,102601728,96079,changed csid
103500,HERCOLYN D-E,ESTER,,8050-15-5,,,0,0,NA,0,,NA,NA,,,got nothing
130172,HEXALACTONE GAMMA,LACTONE,,695-06-7,,,114.1424,CCC1CCC(=O)O1,CCC1CCC(=O)O1,12232,12756,12756,TRUE,12756,12232,
131080,HEXENAL TRANS-2,ALDEHYDE,,6728-26-3,,,98.143,CCC/C=C/C=O,CCCC=CC=O,4444608,5281168,5281168,TRUE,5281168,4444608,
130870,HEXENOL TRANS-2,ALCOHOL,,928-95-0,,,100.1589,CCC/C=C/CO,CCCC=CCO,4476685,5318042,5318042,TRUE,5318042,4476685,
130041,HEXYL CINNAMIC ALDEHYDE ALPHA,ALDEHYDE,,101-86-0,165184-98-5,,216.3187,CCCCCC/C(=C\c1ccccc1)/C=O,CCCCCCC(=CC1=CC=CC=C1)C=O,1267362,1550884,1550884,TRUE,1550884,1267362,
131266,HEXYL ISOBUTYRATE,ESTER,,2349-07-7,,,172.2646,CCCCCCOC(=O)C(C)C,NA,15988,,16872,FALSE,16872,15988,
198030,HYACINTH BODY,ACETAL,,16930-96-4,,,194.2701,CCOC(C)OCCc1ccccc1,NA,92907,,102849,FALSE,102849,92907,
130391,HYDRATROPIC ALDEHYDE,ALDEHYDE,,93-53-8,,,134.1751,CC(C=O)c1ccccc1,CC(C=O)C1=CC=CC=C1,6879,7146,7146,TRUE,7146,6879,
131183,HYDRATROPIC ALDEHYDE DIMETH.ACET,ACETAL,,90-87-9,,,180.2435,CC(c1ccccc1)C(OC)OC,CC(C1=CC=CC=C1)C(OC)OC,56128,62336,62336,TRUE,62336,56128,
103026,HYDROXY CITRONELLAL,ALDEHYDE,,107-75-5,,,172.2646,CC(CCCC(C)(C)O)CC=O,CC(CCCC(C)(C)O)CC=O,7600,7888,7888,TRUE,7888,7600,
104086,HYDROXY CITRONELLAL DIMET-ACETAL,ACETAL,,141-92-4,,,218.333,CC(CCCC(C)(C)O)CC(OC)OC,NA,8530,,8863,FALSE,8863,8530,
105027,HYDROXY CITRONELLOL,ALCOHOL,,107-74-4,,,172.2646,CC(CC/C=C(/C)\CO)CCO,CC(CCCC(C)(C)O)CCO,29786089,249494,77134639,FALSE,249494,218463,changed csid
107288,HYDROXYAMBRAN,ALCOHOL,,118562-73-5,,,226.3981,OCC(C)C1CCCCCCCCCCC1,NA,7991730,,9815980,FALSE,9815980,7991730,
103493,ISOAMYL ACETATE NAT.,ESTER,,123-92-2,,,130.1849,CC(C)CCOC(=O)C,CC(C)CCOC(=O)C,29016,31276,31276,TRUE,31276,29016,
164115,ISOAMYL ALCOHOL,ALCOHOL,,123-51-3,,,88.1482,CC(C)CCO,CC(C)CCO,29000,31260,31260,TRUE,31260,29000,
613013,ISOAMYL BENZOATE,ESTER,,94-46-2,,,192.2542,CC(C)CCOC(=O)c1ccccc1,NA,6925,,7193,FALSE,7193,6925,
611037,ISOAMYL ISOVALERATE,ESTER,,659-70-1,,,172.2646,CC(C)CCOC(=O)CC(C)C,CC(C)CCOC(=O)CC(C)C,12093,12613,12613,TRUE,12613,12093,
104578,ISOAMYL PHENYL ACETATE,ESTER,,102-19-2,,,206.2808,CC(C)CCOC(=O)Cc1ccccc1,CC(C)CCOC(=O)CC1=CC=CC=C1,7318,7600,7600,TRUE,7600,7318,
104141,ISOAMYL SALICYLATE,ESTER,,87-20-7,,,208.2536,CC(C)CCOC(=O)c1ccccc1O,NA,6612,,6874,FALSE,6874,6612,
103263,ISOBORNEOL,ALCOHOL,,124-76-5,,,154.2493,C[C@]12CC[C@H](C1(C)C)C[C@@H]2O,CC1(C2CCC1(C(C2)O)C)C,16739225,6552009,6973640,FALSE,6321405,4882019,changed both based on search of the name
130453,ISOBORNYL ACETATE,ESTER,,125-12-2,,,196.286,CC(=O)O[C@H]1C[C@@H]2CC[C@]1(C2(C)C)C,CC(=O)OC1CC2CCC1(C2(C)C)C,5323219,6950273,6950273,TRUE,6950273,5323219,
184367,ISOBORNYL CYCLOHEXANOL,ALCOHOL,,3407-42-9,,,142.2386,CC(C)C1CCC(CC1)O,CC1C2CC(C1(C)C)CC2C3CCCC(C3)O,19528,67957374,20739,FALSE,67957374,23498811,change csid
131237,ISOBORNYL PROPIONATE,ESTER,,2756-56-1,,,210.3126,CCC(=O)O[C@H]1C[C@@H]2CC[C@]1(C2(C)C)C,CCC(=O)OC1CC2CCC1(C2(C)C)C,19954883,23617864,23617863,FALSE,23617864,80593,change csid
104756,ISOBUTYL ACETATE,ESTER,,110-19-0,,,116.1583,CC(C)COC(=O)C,CC(C)COC(=O)C,7747,8038,8038,TRUE,8038,7747,
660181,ISOBUTYL CINNAMATE,ESTER,,122-67-8,,,204.2649,CC(C)COC(=O)C=Cc1ccccc1,CC(C)COC(=O)C=CC1=CC=CC=C1,28963,778574,31223,FALSE,778574,680686,
105390,ISOBUTYL ISOBUTYRATE,ESTER,,97-85-8,,,144.2114,CC(C)COC(=O)C(C)C,CC(C)COC(=O)C(C)C,7073,7351,7351,TRUE,7351,7073,
131239,"ISOBUTYL METHOXYPYRAZINE-3,2",HETEROCYCLIC,,24683-00-9,,,166.2203,CC(C)Cc1c(nccn1)OC,CC(C)CC1=NC=CN=C1OC,30208,32594,32594,TRUE,32594,30208,
105174,ISOBUTYL PHENYLACETATE,ESTER,,102-13-6,,,192.2542,CC(C)COC(=O)Cc1ccccc1,CC(C)COC(=O)CC1=CC=CC=C1,54959,60998,60998,TRUE,60998,54959,
103831,ISOBUTYL QUINOLINE,HETEROCYCLIC,,68198-80-1,,,185.2649,CC(C)Cc1ccc2c(c1)cccn2,NA,98541,,109640,FALSE,109640,98541,
104354,ISOBUTYL QUINOLINE DL 100%,HETEROCYCLIC,,65442-31-1,,,185.2649,CCC(C)c1ccc2c(c1)cccn2,CCC(C)C1=CC2=C(C=C1)N=CC=C2,93359,103401,103401,TRUE,103401,93359,
105683,ISOBUTYL SALICYLATE,ESTER,,87-19-4,,,194.2271,CC(C)COC(=O)c1ccccc1O,CC(C)COC(=O)C1=CC=CC=C1O,6611,6873,6873,TRUE,6873,6611,
131275,ISODAMASCONÎ,KETONE,,39872-57-6,,,192.2973,C/C=C/C(=O)C1=C(CC(CC1)(C)C)C,CC=CC(=O)C1=C(CC(CC1)(C)C)C,52563506,57468287,57468287,TRUE,57468287,52563506,
103296,ISODODECANE,HYDROCARBON,,31807-55-3,93685-81-5,,170.3348,CCCCCCCCCC(C)C,CCCCCCCCCC(C)C,21934,23459,23459,TRUE,23459,21934,
104768,ISOEUGENOL,PHENOL,,97-54-1,,,164.2011,C/C=C/c1ccc(c(c1)OC)O,CC=CC1=CC(=C(C=C1)O)OC,21106129,853433,853433,TRUE,853433,21106129,
103615,ISOEUGENYL ACETATE,ESTER,S,93-29-8,,,206.2378,C/C=C/c1ccc(c(c1)OC)OC(=O)C,NA,765093,,876160,FALSE,7137,6870,found cid with cas
608049,ISOEUGENYL METHYL ETHER,ETHER,,93-16-3,,,178.2277,C/C=C/c1cc(c(c(c1)OC)O)C,CC=CC1=CC(=C(C=C1)OC)OC,26331475,637776,45266886,FALSE,637776,553362,changed csid
104012,ISOJASMONE B 11,KETONE,,95-41-0,,,166.26,CCCCCCC1=CCCC1=O,CCCCCCC1=CCCC1=O,60134,66768,66768,TRUE,66768,60134,
659667,ISOLONGIFOLANON COEUR,KETONE,,23787-90-8,29461-14-1,,220.3505,CC1(CCC(=O)[C@@H]2C13CCC(C3)C2(C)C)C,CC1(CCC(=O)C2C13CCC(C3)C2(C)C)C,57579827,21116680,86287524,FALSE,21116680,19973105,changed csid
600359,ISOMUSCONEÎ,KETONE,,2550-52-9,,,238.4088,C1CCCCCCCC(=O)CCCCCCC1,C1CCCCCCCC(=O)CCCCCCC1,68213,75695,75695,TRUE,75695,68213,
164854,ISONONANOL,ALCOHOL,,3452-97-9,,,144.2545,C[C@H](CCO)CC(C)(C)C,CC(CCO)CC(C)(C)C,32786946,18938,36691059,FALSE,18938,21428736,changed csid
131210,ISONONYL ALDEHYDE S,ALDEHYDE,,5435-64-3,,,142.2386,CC(CC=O)CC(C)(C)C,CC(CC=O)CC(C)(C)C,20276,21574,21574,TRUE,21574,20276,
103315,ISOOCTANONE,KETONE,,541-85-5,,,128.212,CCC(C)CC(=O)CC,CCC(C)CC(=O)CC,7534,7822,7822,TRUE,7822,7534,
105516,ISOPENTYRATE,ESTER,,80118-06-5,,,170.24872,CC(C)C(=O)OC(C)CC(=C)C,CC(CC(C)C(=O)O)CC(=C)C,2286321,53652745,3018907,FALSE,3018907,2286321,changed cid
131418,ISOPHYTOL,ALCOHOL,,505-32-8,,,296.531,C[C@H](CCCC(C)C)CCCC(C)CCCC(C)(C=C)O,CC(C)CCCC(C)CCCC(C)CCCC(C)(C=C)O,57576675,10453,0,FALSE,10453,10021,changed csid
103452,ISOPROPYL CYCLOHEXANOL,ALCOHOL,,4621-04-9,,,142.2386,CC(C)C1CCC(CC1)O,NA,19528,1175380 | 2009750,20739,FALSE,20739,19528,csid was right
131390,"ISOPROPYL METHOXYPYRAZINE-2,3",HETEROCYCLIC,,25773-40-4,,,152.1937,CC(C)c1c(nccn1)OC,CC(C)C1=NC=CN=C1OC,30649,33166,33166,TRUE,33166,30649,
132687,ISOPROPYL METHYLBUTYRATE-2,ESTER,,66576-71-4,,,144.2114,CC[C@@H](C)C(=O)OC(C)C,NA,34996281,,76961682,FALSE,522214,455530,changed both by cas
131215,ISOPROPYL QUINOLINE,HETEROCYCLIC,,135-79-5,,,171.2383,CC(C)c1ccc2c(c1)cccn2,CC(C)C1=CC2=C(C=C1)N=CC=C2,60617,67285,67285,TRUE,67285,60617,
601181,ISOPULEGOL FRACTION EX EUCALYPTUS OIL,ALCOHOL,,89-79-2,,,154.2493,C[C@@H]1CC[C@H]([C@@H](C1)O)C(=C)C,NA,149356,24585 | 170833,170833,FALSE,170833,149356,
131332,ISORALDEINE 70,KETONE,,1335-46-2,,,206.3239,CCC(=O)/C=C/C1C(=CCCC1(C)C)C,CCC(=O)C=CC1C(=CCCC1(C)C)C,4521710,5371084,5371084,TRUE,5371084,4521710,
103928,ISORALDEINE 95,KETONE,,127-51-5,,,206.3239,CC1=CCCC(C1/C=C(\C)/C(=O)C)(C)C,CC1=CCCC(C1C=C(C)C(=O)C)(C)C,4522510,5372174,5372174,TRUE,5372174,4522510,
600000,ISOTRIDECYL ACETATE,ESTER,,69103-23-7,,,242.3975,CC(C)CCCCCCCCCCOC(=O)C,CC(C)CCCCCCCCCCOC(=O)C,100612,112239,112239,TRUE,112239,100612,
164424,ISOVALERIC ACID,ACID,,503-74-2,,,102.1317,CC(C)CC(=O)O,CC(C)CC(=O)O,10001,10430,10430,TRUE,10430,10001,
164421,ISOVALERIC ALDEHYDE,ALDEHYDE,,590-86-3,,,86.1323,CC(C)CC=O,NA,11065,,11552,FALSE,11552,11065,
100216,JACINTHAFLORÎ,ACETAL,,33941-99-0,,,164.2011,CC1OCC(O1)c2ccccc2,NA,105556,,118119,FALSE,118119,105556,
690965,JASMAPRUNAT,ESTER,,1648615,,,174.1944,CCOC(=O)CC1(OCCO1)C,CCOC(=O)CC1(OCCO1)C,72995,80865,80865,TRUE,80865,72995,
104686,JASMIN LACTONE,LACTONE,,25524-95-2,,,168.2328,CC/C=C\C[C@H]1CCCC(=O)O1,CCC=CCC1CCCC(=O)O1,34990982,5352626,67839509,FALSE,5352626,4509494,changed csid
613148,JASMOL,ALCOHOL,,92368-90-6,,,206.3239,CCCCC[C@@H](Cc1ccccc1)CO,CCCCCC(CC1=CC=CC=C1)CO,34996286,64916,73416068,FALSE,64916,58445,changed csid
104235,JASMOLACTONE CNC,LACTONE,,32764-98-0,,,168.2328,C/C=C/CC[C@H]1CCCC(=O)O1,CC=CCCC1CCCC(=O)O1,34985514,6438319,76960174,FALSE,6438319,4942802,changed csid
131338,JASMOPOL AC1300,ESTER,,37172-53-5,,,226.312,CCCCCC[C@@H]1[C@H](CCC1=O)C(=O)OC,CCCCCCC1C(CCC1=O)C(=O)OC,34995989,162249,76970451,FALSE,162249,142479,changed csid
103623,JASMOPYRANE,ESTER,,18871-14-2,,,202.2921,CCCCC/C(=C/c1ccccc1)/C=O,CCCCCC1COCCC1OC(=O)C,1361549,86799,1712058,FALSE,86799,78297,changed csid
127988,JAVANOL,ALCOHOL,,198404-98-7,,,222.3663,CC1(C(CC2C1(C2)C)CC3CC3(C)CO)C,CC1(C(CC2C1(C2)C)CC3CC3(C)CO)C,13658169,22096564,22096564,TRUE,22096564,13658169,
106255,JEECOL ISA / ISOSTEARYL ALCOHOL,ALCOHOL,,27458-93-1,,,270.4937,CCCCCCCCCC[C@@H](CCCCCC)CO,CC(C)CCCCCCCCCCCCCCCO,34992616,62825,73416468,FALSE,62825,56559,changed csid
131222,JESSEMAL,ESTER,,38285-49-3,,,214.3013,CCC(C)CC(=O)OC1CCOCC1C,CCCCC1COCC(C1OC(=O)C)C,32696605,161960,69255726,FALSE,161960,142247,changed csid
140419,KEPHALIS,ETHER,,36306-86-2,36306-87-3,,250.2969,CN(C)C(=O)Nc1ccccc1NC(=O)N(C)C,CCOC1=CC(C(C(C1)(C)C)C(=C)OCC)(C)C,106156,118291,118799,FALSE,118291,105721,changed csid
131367,METHYL GERANIATE,ESTER,,1189-09-9,,,182.2594,CC(=CCCC(=CC(=O)OC)C)C,CC(=CCCC(=CC(=O)OC)C)C,28689539,5365910,70917,FALSE,5365910,4517852,changed csid
103396,METHYL GUAIACOL-4,PHENOL,,93-51-6,,,138.1638,Cc1ccc(c(c1)OC)O,CC1=CC(=C(C=C1)O)OC,21105936,7144,7144,TRUE,7144,21105936,
130576,"METHYL HEPTENONE-6,5,2",KETONE,,110-93-0,,,126.1962,CC(=CCCC(=O)C)C,CC(=CCCC(=O)C)C,9478,9862,9862,TRUE,9862,9478,
103675,METHYL IONONE BETA COEUR (66559),KETONE,,1335-46-2,,,206.3239,CCC(=O)/C=C/C1C(=CCCC1(C)C)C,CCC(=O)C=CC1C(=CCCC1(C)C)C,4521710,5371084,5371084,TRUE,5371084,4521710,
104250,METHYL IONONE GAMMA COEUR,KETONE,,127-51-5,,,206.3239,CC1=CCCC(C1/C=C(\C)/C(=O)C)(C)C,CC1=CCCC(C1C=C(C)C(=O)C)(C)C,4522510,5372174,5372174,TRUE,5372174,4522510,
103305,METHYL LAVENDER KETONE,KETONE,,67633-95-8,67801-33-6,,172.2646,CCCCCCCC(=O)CCO,CCCCCCCC(=O)CCO,95149,105510,105510,TRUE,105510,95149,
106104,"METHYL METHOXY BUTANOL-3,3",ALCOHOL,,56539-66-3,,,118.1742,CC(C)(CCO)OC,CC(C)(CCO)OC,55953,62118,62118,TRUE,62118,55953,
611401,METHYL METHYLBUTYRATE-2,ESTER,,868-57-5,,,116.1583,CCC(C)C(=O)OC,CCC(C)C(=O)OC,12788,13357,13357,TRUE,13357,12788,
660240,METHYL NAPHTHYL KETONE BETA CRYST,KETONE,S,93-08-3,,,170.2072,CC(=O)c1ccc2ccccc2c1,CC(=O)C1=CC2=CC=CC=C2C=C1,6855,7122,7122,TRUE,7122,6855,
131520,"METHYL PHENYLHEXENAL TRANS-5,2,2",ALDEHYDE,,21834-92-4,,,188.2655,CC(C)C/C=C(\C=O)/c1ccccc1,NA,4576448,,5463934,FALSE,5463934,4576448,
131424,METHYL TUBERATE PURE 100%,LACTONE,,33673-62-0,,,236.30834,c1ccc(cc1)C2CC(C=C2c3ccccc3)O,CCCCCC1C(CC(=O)O1)C,4207455,97707,5028886,FALSE,97707,88186,changed csid
660564,METHYL UNDECYLENATE,ESTER,,111-81-9,,,198.3019,COC(=O)CCCCCCCCC=C,COC(=O)CCCCCCCCC=C,7846,8138,8138,TRUE,8138,7846,
164487,METHYLBUTYRIC ACID-2,ACID,,116-53-0,,,102.1317,CCC(C)C(=O)O,CCC(C)C(=O)O,8012,8314,8314,TRUE,8314,8012,
131403,"METHYLPENTENOIC ACID-2,2",ACID,,3142-72-1,,,113.135,[O-]C(=O)/C(=C/CC)C,CCC=C(C)C(=O)O,5370713,5365909,7006461,FALSE,5365909,17434,changed csid
142048,MINTONAT,ESTER,,67859-96-5,,,184.2753,C[C@H]1C[C@@H](CC(C1)(C)C)OC(=O)C,CC1CC(CC(C1)(C)C)OC(=O)C,1064875,106917,1268209,FALSE,106917,96208,changed csid
600092,MUGETANOL,ALCOHOL,,63767-86-2,,,170.2918,CC(C)C1CCC(CC1)C(C)O,NA,102297,,114233,FALSE,114233,102297,
659479,MUGUETALCOHOL,ALCOHOL,,13351-61-6,,,164.2441,CC(C)(Cc1ccccc1)CO,CC(C)(CC1=CC=CC=C1)CO,75226,83367,83367,TRUE,83367,75226,
195930,MUSCENONE,KETONE,,63314-79-4,,,236.3929,CC1CC=CCCCCCCCCCC(=O)C1,NA,57523122,,54116156,FALSE,54116156,57523122,
131545,MUSCONE,KETONE,,541-91-3,,,238.4088,CC1CCCCCCCCCCCCC(=O)C1,CC1CCCCCCCCCCCCC(=O)C1,10483,10947,10947,TRUE,10947,10483,
197006,MYRALDYL ACETATE,ESTER,,72403-67-9,,,236.3499,CC(=CCCC1=CCCC(C1)COC(=O)C)C,NA,57261593,,73556746,FALSE,73556746,57261593,
104032,MYRCENYL ACETATE,ESTER,,1118-39-4,,,196.286,CC(=O)OC(C)(C)CCCC(=C)C=C,CC(=O)OC(C)(C)CCCC(=C)C=C,13599,14235,14235,TRUE,14235,13599,
104663,MYROXYDE,ETHER,,69103-20-4,,,152.2334,C/C(=C/CC1C(O1)(C)C)/C=C,CC(=CCC1C(O1)(C)C)C=C,11252541,6538431,14701631,FALSE,6538431,5021076,
659673,MYSORE ACETATE,ESTER,,30772-69-1,,,208.2967,CC(=O)OCC1CCC2C1C3CCC2C3,NA,141998,,161675,FALSE,161675,141998,
103836,NECTARYL,KETONE,,95962-14-4,,,220.3505,CC1=CCC(CC1)C(C)CC2CCCC2=O,CC1=CCC(CC1)C(C)CC2CCCC2=O,153032,175661,175661,TRUE,175661,153032,
622501,NEO HELIOPANÎ 357,KETONE,S,70356-09-1,,,310.3869,CC(C)(C)c1ccc(cc1)C(=O)CC(=O)c2ccc(cc2)OC,CC(C)(C)C1=CC=C(C=C1)C(=O)CC(=O)C2=CC=C(C=C2)OC,46261,51040,51040,TRUE,51040,46261,
660523,NEO HELIOPANÎ AV,KETONE,,5466-77-3,,,290.3972,CCCCC(CC)COC(=O)/C=C/c1ccc(cc1)OC,CCCCC(CC)COC(=O)C=CC1=CC=C(C=C1)OC,4511170,5355130,5355130,TRUE,5355130,4511170,
116210,NEO HELIOPANÎ BB,KETONE,S,131-57-7,,,228.2433,COc1ccc(c(c1)O)C(=O)c2ccccc2,COC1=CC(=C(C=C1)C(=O)C2=CC=CC=C2)O,4471,4632,4632,TRUE,4632,4471,
131494,NEO HELIOPANÎ OS,KETONE,,118-60-5,,,250.3334,CCCCC(CC)COC(=O)c1ccccc1O,CCCCC(CC)COC(=O)C1=CC=CC=C1O,8061,8364,8364,TRUE,8364,8061,
690451,NEOCYCLO CITRAL,ALDEHYDE,,1335-66-6,,,152.2334,CC1C(C(=CCC1C=O)C)C,CC1CC(=CC(C1C=O)C)C.CC1C=C(CC(C1C)C=O)C,21171842,16204527,57128092,FALSE,16204527,21171842,I guess this is the same
611460,NEONONYL ACETATE,ESTER,,58430-94-7,,,186.2912,CC(CCOC(=O)C)CC(C)(C)C,CC(CCOC(=O)C)CC(C)(C)C,38985,42745,42745,TRUE,42745,38985,
103885,NEROL 900,ALCOHOL,,106-25-2,,,154.2493,CC(=CCC/C(=C\CO)/C)C,CC(=CCCC(=CCO)C)C,558917,643820,643820,TRUE,643820,558917,
605361,NEROL 900 FG,ALCOHOL,,106-25-2,,,154.2493,CC(=CCC/C(=C\CO)/C)C,CC(=CCCC(=CCO)C)C,558917,643820,643820,TRUE,643820,558917,
130649,NEROLIDOL,ALCOHOL,,7212-44-4,,,222.3663,CC(=CCCC(=CCCC(C)(C=C)O)C)C,CC(=CCCC(=CCCC(C)(C=C)O)C)C,8549,5284507,8888,FALSE,5284507,4447568,change csid
130659,NEROLIN BROMELIA,ETHER,S,93-18-5,,,172.2231,CCOc1ccc2ccccc2c1,NA,6862,,7129,FALSE,7129,6862,
665020,NEROLIN YARA YARA CRIST.,ETHER,S,93-04-9,,,158.1965,COc1ccc2ccccc2c1,COC1=CC2=CC=CC=C2C=C1,6852,7119,7119,TRUE,7119,6852,
600321,NEROLIONE,KETONE,S,23911-56-0,,,174.1959,Cc1c2ccccc2oc1C(=O)C,NA,1869668,,2507689,FALSE,2507689,1869668,
106244,NERYL ACETATE,ESTER,,141-12-8,,,196.286,CC(=CCC/C(=C\COC(=O)C)/C)C,CC(=CCCC(=CCOC(=O)C)C)C,1266018,1549025,1549025,TRUE,1549025,1266018,
131363,"NONADIENAL TRANS,CIS-2,6",ALDEHYDE,,557-48-2,,,138.2069,CC/C=C\CC/C=C/C=O,CCC=CCCC=CC=O,558840,643731,643731,TRUE,643731,558840,
131091,"NONADIENOL-2,6",ALCOHOL,,28069-72-9,,,140.2227,CC/C=C\CC/C=C/CO,CCC=CCCC=CCO,4515298,5362833,5362833,TRUE,5362833,4515298,
131336,NONALACTONE DELTA,LACTONE,,3301-94-8,,,156.2221,CCCCC1CCCC(=O)O1,CCCCC1CCCC(=O)O1,17658,18698,18698,TRUE,18698,17658,
131394,NONENAL CIS-6,ALDEHYDE,,2277-19-2,,,140.2227,CC/C=C\CCCCC=O,CCC=CCCCCC=O,4515200,5362720,5362720,TRUE,5362720,4515200,
113522,NONENAL TRANS-2,ALDEHYDE,,18829-56-6,,,140.2227,CCCCCC/C=C/C=O,CCCCCCC=CC=O,4446456,5283335,5283335,TRUE,5283335,4446456,
131395,NONENOL CIS-6,ALCOHOL,,35854-86-5,,,142.2386,CC/C=C/CCCCCO,NA,4515276,5362792 | 5362811,5362811,FALSE,5362811,4515276,
130246,NOPYL ACETATE,ESTER,,128-51-8,,,208.2967,CC(=O)OCCC1=CCC2CC1C2(C)C,CC(=O)OCCC1=CCC2CC1C2(C)C,91804,929337,101604,FALSE,929337,809956,change csid
131070,OCIMENYL ACETATE,ESTER,,72214-23-4,,,196.286,C/C(=C/CCC(C)(C)OC(=O)C)/C=C,CC(=CCCC(C)(C)OC(=O)C)C=C,23353077,6112709,56841971,FALSE,6112709,4813514,changed csid
130675,OCTAHYDRO COUMARIN,LACTONE,,4430-31-3,,,154.2063,C1CC[C@H]2[C@H](C1)CCC(=O)O2,C1CCC2C(C1)CCC(=O)O2,32698259,20487,38988932,FALSE,20487,19294,changed csid
131485,OCTALACTONE DELTA,LACTONE,,698-76-0,,,142.1956,O=C1O[C@@H](CCC)CCC1,CCCC1CCCC(=O)O1,5602560,12777,7269403,FALSE,12777,12252,changed csid
105565,OCTALACTONE GAMMA,LACTONE,,104-50-7,,,142.1956,CCCCC1CCC(=O)O1,CCCCC1CCC(=O)O1,7418,7704,7704,TRUE,7704,7418,
638261,"OCTENOL-1,3",ALCOHOL,,3391-86-4,,,128.212,CCCCCC(C=C)O,CCCCCC(C=C)O,17778,18827,18827,TRUE,18827,17778,
131274,"OCTENYL ACETATE-1,3",ESTER,,198242,,,170.2487,CCCCCC(C=C)OC(=O)C,CCCCCC(C=C)OC(=O)C,16205,17121,17121,TRUE,17121,16205,
611469,OCTYL ACETATE-3 NAT.,ESTER,,4864-61-3,,,172.2646,CCCCC[C@H](CC)OC(=O)C,CCCCCC(CC)OC(=O)C,9994141,521238,11819488,FALSE,521238,454668,changed scid
131308,OCTYL BUTYRATE,ESTER,,110-39-4,,,200.3178,CCCCCCCCOC(=O)CCC,CCCCCCCCOC(=O)CCC,54989,61030,61030,TRUE,61030,54989,
107085,OKOUMAL,ETHER,,131812-67-4,,,288.42442,CC1COC(O1)(C)c2ccc3c(c2)C(CCC3(C)C)(C)C,CC1COC(O1)(C)C2=CC3=C(C=C2)C(CCC3(C)C)(C)C,2298767,3034278,3034278,TRUE,3034278,2298767,
198064,ORANGE FLOWER ETHER,ETHER,,14576-08-0,,,168.2759,CC1=CCC(CC1)C(C)(C)OC,CC1=CCC(CC1)C(C)(C)OC,77346,85755,85755,TRUE,85755,77346,
197014,ORCINOL MONOMETHYL ETHER,PHENOL,S,3209-13-0,,,138.1638,Cc1cc(cc(c1)OC)O,CC1=CC(=CC(=C1)OC)O,69135,76674,76674,TRUE,76674,69135,
131227,ORIVONE,KETONE,,16587-71-6,,,168.2759,CCCCCC1CCCCC1=O,CCC(C)(C)C1CCC(=O)CC1,109262,27941,122547,FALSE,27941,25994,changed csid
103451,ORYCLON@ HC,ESTER,,32210-23-4,,,216.3172,CC(=O)O.CC(C)(C)C1CCC(CC1)O,NA,58107066,,66940453,FALSE,36081,33188,changed cid and csid
103260,OXYOCTALINE FORMATE,ESTER,,65405-72-3,,,260.26475,CC1C(C(C2(C1C)C(=O)NC(=NC2=O)[O-])C)C.[Na+],CC1CCC2(C(=CCCC2(C1OC=O)C)C)C,103345,103377,NA,NA,103377,93344,change csid
611471,OZONIL,NITRILE,,22629-49-8,,,193.3284,CCCCCCCCCC/C=C/C#N,NA,5020973,,6538105,FALSE,90818,5020973,
690230,PALISANDAL,ACETAL,,950-33-4,,,228.3709,COC1(CCCCCCCCCCC1)OC,COC1(CCCCCCCCCCC1)OC,63549,70368,70368,TRUE,70368,63549,
690165,PALISANDIN,ETHER,,2986-54-1,,,378.6746,C1CCCCCC(CCCCC1)COCC2CCCCCCCCCCC2,COC1CCCCCCCCCCC1,24590600,76334,66823749,FALSE,76334,68811,changed csid
100210,PARMANYLÎ,NITRILE,,142653-61-0,,,153.2215,CC/C=C\CCOCCC#N,NA,23349752,,15031854,FALSE,15031854,23349752,
600300,PASSIFLORAN,KETONE,,136954-25-1,,,218.3131,CCC[C@@H](CCOC(=O)C)SC(=O)C,CCCC(CCOC(=O)C)SC(=O)C,34988367,2733977,40418921,FALSE,2733977,2015739,changed csid
164637,PELARGONIC ACID,ACID,,112-05-0,,,158.238,CCCCCCCCC(=O)O,CCCCCCCCC(=O)O,7866,8158,8158,TRUE,8158,7866,
130058,"PENTANDIONE-2,3",KETONE,,600-14-6,,,100.1158,CCC(=O)C(=O)C,CCC(=O)C(=O)C,11254,11747,11747,TRUE,11747,11254,
107343,PEONILE,NITRILE,,10461-98-0,,,197.2756,c1ccc(cc1)C(=C2CCCCC2)C#N,C1CCC(=C(C#N)C2=CC=CC=C2)CC1,59705,66327,66327,TRUE,66327,59705,
179339,PERANAT,ESTER,,90397-38-9,,,200.3178,CCCC(C)COC(=O)C(C)CCC,CCCC(C)COC(=O)C(C)CCC,143492,163588,163588,TRUE,163588,143492,
179349,PETIOLE,ETHER,,68039-47-4,,,164.2441,CC(C)OCCc1ccccc1,CC(C)OCCC1=CC=CC=C1,95833,106442,106442,TRUE,106442,95833,
698337,PHELLANDREN FRACTION EX EUCALYPTUS OIL,HYDROCARBON,,4221-98-1,,,136.234,CC1=CC[C@@H](C=C1)C(C)C,CC1=CCC(C=C1)C(C)C,390915,442482,442482,TRUE,442482,390915,
105991,PHENIRATÎ,ESTER,,103-60-6,,,208.2536,CC(C)C(=O)OC(C)Oc1ccccc1,CC(C)C(=O)OCCOC1=CC=CC=C1,10605817,61005,21862946,FALSE,,10605817,
198070,PHENOXANOL,ALCOHOL,,55066-48-3,,,178.2707,CC(CCc1ccccc1)CCO,CC(CCC1=CC=CC=C1)CCO,97376,108312,108312,TRUE,,97376,
130089,PHENOXYETHYL ALCOHOL,ALCOHOL,,122-99-6,,,138.1638,c1ccc(cc1)OCCO,C1=CC=C(C=C1)OCCO,13848467,31236,31236,TRUE,,13848467,
660354,PHENYLACETALDEHYDE,ALDEHYDE,,122-78-1,,,120.1485,c1ccc(cc1)CC=O,C1=CC=C(C=C1)CC=O,13876539,998,998,TRUE,,13876539,
660345,PHENYLACETALDEHYDE DIMETHYL ACETAL,ACETAL,,101-48-4,,,166.217,COC(Cc1ccccc1)OC,COC(CC1=CC=CC=C1)OC,13876435,60995,60995,TRUE,,13876435,
600028,PHENYLACETALDEHYDE GLYCERYLACETAL,ACETAL,,29895-73-6,,,194.2271,c1ccc(cc1)CC2OCC(O2)CO,C1C(OC(O1)CC2=CC=CC=C2)CO,20580,21895,21895,TRUE,,20580,
621268,PHENYLACETIC ACID,ACID,S,103-82-2,,,136.1479,c1ccc(cc1)CC(=O)O,C1=CC=C(C=C1)CC(=O)O,10181341,999,999,TRUE,,10181341,
130744,PHENYLETHYL ALCOHOL,ALCOHOL,,60-12-8,,,122.1644,c1ccc(cc1)CCO,C1=CC=C(C=C1)CCO,5830,6054,6054,TRUE,,5830,
103392,PHENYLETHYL BUTYRATE,ESTER,,103-52-6,,,192.2542,CCCC(=O)OCCc1ccccc1,CCCC(=O)OCCC1=CC=CC=C1,7375,7658,7658,TRUE,,7375,
660361,PHENYLETHYL CINNAMATE CRYST.,ESTER,S,103-53-7,,,252.3077,c1ccc(cc1)CCOC(=O)C=Cc2ccccc2,C1=CC=C(C=C1)CCOC(=O)C=CC2=CC=CC=C2,7376,5369459,7659,FALSE,,7376,
103258,PHENYLETHYL DIMETHYL CARBINOL,ALCOHOL,,103-05-9,,,164.24414,CC(CC(C)O)c1ccccc1,CC(C)(CCC1=CC=CC=C1)O,2286203,7632,3018736,FALSE,,2286203,
103614,PHENYLETHYL FORMATE,ESTER,,104-62-1,,,150.1745,CC(c1ccccc1)OC=O,C1=CC=C(C=C1)CCOC=O,307171,7711,346286,FALSE,,307171,
103934,PHENYLETHYL ISOBUTYRATE,ESTER,,103-48-0,,,192.2542,CC(C)C(=O)OC(C)c1ccccc1,CC(C)C(=O)OCCC1=CC=CC=C1,494873,7655,569214,FALSE,,494873,
131090,PHENYLETHYL ISOTHIOCYANATE,ESTER,,130638,,,163.2395,c1ccc(cc1)CCN=C=S,C1=CC=C(C=C1)CCN=C=S,15870,16741,16741,TRUE,,15870,
103935,PHENYLETHYL ISOVALERATE,ESTER,,140-26-1,,,206.2808,CCC(C(C)C)C(=O)Oc1ccccc1,NA,10438504,,23274032,FALSE,,10438504,
103222,PHENYLETHYL METHYL ETHER,ETHER,,3558-60-9,,,136.191,COCCc1ccccc1,COCCC1=CC=CC=C1,18022,19089,19089,TRUE,,18022,
103936,PHENYLETHYL PHENYLACETATE,ESTER,,102-20-5,,,240.297,CC(c1ccccc1)OC(=O)Cc2ccccc2,C1=CC=C(C=C1)CCOC(=O)CC2=CC=CC=C2,3276662,7601,4061172,FALSE,,3276662,
658982,PHENYLETHYL SALICYLATE,ESTER,S,87-22-9,,,242.2699,c1ccc(cc1)CCOC(=O)c2ccccc2O,NA,56124,,62332,FALSE,,56124,
660165,PHENYLPROPYL ALCOHOL,ALCOHOL,,122-97-4,,,136.191,c1ccc(cc1)CCCO,C1=CC=C(C=C1)CCCO,13871718,31234,31234,TRUE,,13871718,
130412,PHENYLPROPYL ALDEHYDE,ALDEHYDE,,104-53-0,,,148.2017,CCC(C=O)c1ccccc1,C1=CC=C(C=C1)CCC=O,205715,7707,235759,FALSE,,205715,
160223,PINENE ALPHA LAEVO NAT.,HYDROCARBON,,80-56-8,,,118.5615,CC(=CC(=O)Cl)C,NA,92484,,102394,FALSE,,92484,
130122,PINENE BETA NAT.,HYDROCARBON,,127-91-3,,,136.234,CC1(C2CCC(=C)C1C2)C,CC1(C2CCC(=C)C1C2)C,14198,440967,14896,FALSE,,14198,
103237,PINOACET ALDEHYDE,ALDEHYDE,,33885-51-7,,,178.2707,CC1([C@@H]2CC=C([C@H]1C2)CCC=O)C,CC1(C2CC=C(C1C2)CCC=O)C,29366461,55220049,55220049,TRUE,,29366461,
103374,PLICATONE,KETONE,,41724-19-0,,,266.76646,c1ccc(cc1)N2CCN(CC2)C(=O)C3CC3.Cl,NA,187270,,216015,FALSE,,187270,
659616,POIVROLÎ,ESTER,,68966-86-9,,,183.2475,CC1=C(/C(=N/O)/C(CC1)C(C)C)O,CC1=C(C(=NO)C(CC1)C(C)C)O,32815755,55250799,0,FALSE,,32815755,
106142,POLYSANTOL,ALCOHOL,,107898-54-4,,,222.3663,CC1=CCC(C1(C)C)C=CC(C)(C)C(C)O,CC1=CCC(C1(C)C)C=CC(C)(C)C(C)O,23349145,15984303,53425103,FALSE,,23349145,
904691,POLYSANTOL (MYSANTOL),ALCOHOL,,107898-54-4,,,222.3663,CC1=CCC(C1(C)C)C=CC(C)(C)C(C)O,CC1=CCC(C1(C)C)C=CC(C)(C)C(C)O,23349145,15984303,53425103,FALSE,,23349145,
103843,PRECYCLEMONE B,ALDEHYDE,,52474-60-9,52475-86-2,,206.3239,C/C=C/C1[C@H]2C([C@@H](CO1)C(C=C2C)C)C,CC(=CCCC1=CCC(CC1)(C)C=O)C,22886602,95596,16395092,FALSE,,22886602,
601331,PRENYL ACETATE,ESTER,,1191-16-8,,,128.169,CC(=CCOC(=O)C)C,CC(=CCOC(=O)C)C,13834,14489,14489,TRUE,,13834,
103483,PRENYL SALICYLATE,ESTER,,68555-58-8,,,190.2384,Cc1ccccc1C(=O)OC=C(C)C,CC(=CCOC(=O)C1=CC=CC=C1O)C,57523900,50216,121232763,FALSE,,57523900,
656079,PROFARNESAL,ALDEHYDE,,54082-68-7,,,208.3398,CC(CCC=C(C)CCC=C(C)C)C=O,CC(CCC=C(C)CCC=C(C)C)C=O,82271,6538156,91115,FALSE,,82271,
660137,PROJASMONE P,KETONE,,137-03-1,,,182.3025,O=C1[C@H](CCCCCCC)CCC1,CCCCCCCC1CCCC1=O,9302034,8710,11126914,FALSE,,9302034,
131115,PROPENYL GUAETHOL,PHENOL,S,94-86-0,,,178.2277,CCOc1ccc(cc1O)/C=C\C,CCOC1=C(C=C(C=C1)C=CC)O,17599678,5354280,16666638,FALSE,,17599678,
131301,PROPYL ACETATE,ESTER,,109-60-4,,,102.1317,CCCOC(=O)C,CCCOC(=O)C,7706,7997,7997,TRUE,,7706,
160221,"PROPYLENE GLYCOL-1,2",ALCOHOL,,57-55-6,,,76.0944,CC(CO)O,CC(CO)O,13835224,1030,1030,TRUE,,13835224,
611421,PYROPRUNAT,ESTER,,68039-73-6,,,222.3233,CC=CC(=O)OC1CCCC1C2CCCC2,CC=CC(=O)OC1CCCC1C2CCCC2,21162589,6437291,107074,FALSE,,21162589,
198028,RESEDA BODY,ACETAL,,67633-94-7,,,299.3212,CCOC(=O)c1ccc(cc1)NC(=O)OCc2ccccc2,CC1CC(OC(O1)CC2=CC=CC=C2)(C)C,225289,95266,256848,FALSE,,225289,
690520,RESEDAFOL,ACETAL,,7493-57-4,,,208.2967,CCCO[C@H](C)OCCc1ccccc1,CCCOC(C)OCCC1=CC=CC=C1,32786967,61403,76972056,FALSE,,32786967,
658742,RESEDYLACETAL,ACETAL,,10022-28-3,,,642.43684,CCCCCCCCC1(c2cc(ccc2-c3c1cc(cc3)I)I)CCCCCCCC,CCCCCCCC(OC)OC,3647763,61431,4448599,FALSE,,3647763,
106108,RHOLIATE,ESTER,,93981-50-1,,,365.1628,CC(=O)Oc1c(cc(c(c1Cl)Cl)C(OC(=O)C)OC(=O)C)OC,NA,230409,,262372,FALSE,,230409,
198039,RHUBOFIX,ETHER,,41816-03-9,,,204.308,CC1C2(O1)CC3CC2C4C3CC=C(C4)C,NA,85298,,94522,FALSE,,85298,
907625,ROMANDOLIDE,ESTER,,236391-76-7,,,270.3645,CC1(C)CCCC(C1)C(C)OC(=O)COC(=O)CC,NA,10688094,,21933618,FALSE,,10688094,
100060,ROMASCONE,ESTER,,81752-87-6,,,182.2594,C=C1CCCC(C)(C)C1C(=O)OC,CC1(CCCC(=C)C1C(=O)OC)C,9270402,11095260,11095260,TRUE,,9270402,
130770,ROSACETATE,ESTER,S,90-17-5,,,267.5363,CC(=O)OC(c1ccccc1)C(Cl)(Cl)Cl,NA,6741,,7007,FALSE,,6741,
600064,ROSAPHENÎ,ALCOHOL,,25634-93-9,,,178.2707,CC(CCCc1ccccc1)CO,CC(CCCC1=CC=CC=C1)CO,4576354,5463791,5463791,TRUE,,4576354,
106268,ROSE OXIDE HIGH CIS,ETHER,,16409-43-1,,,154.2493,C[C@H]1CCOC(C1)C=C(C)C,CC1CCOC(C1)C=C(C)C,31043460,27866,71774530,FALSE,,31043460,
130780,ROSE OXIDE L,ETHER,,16409-43-1,,,154.2493,C[C@H]1CCOC(C1)C=C(C)C,CC1CCOC(C1)C=C(C)C,31043460,27866,71774530,FALSE,,31043460,
107077,ROSYRANE SUPER,ETHER,,60335-71-9,,,238.2366,CCOC(=O)c1ccc(c(c1)C(=O)OCC)O,CC1=CCOC(C1)C2=CC=CC=C2,225224,108443,256772,FALSE,,225224,
621361,SAFRALEINE,KETONE,,54440-17-4,,,174.239,C[C@H]1C(=O)c2ccccc2C1(C)C,NA,34991098,,76958282,FALSE,,34991098,
165208,SAFRANAL,ALDEHYDE,,116-26-7,,,150.2176,CC1=C(C(CC=C1)(C)C)C=O,CC1=C(C(CC=C1)(C)C)C=O,55000,61041,61041,TRUE,,55000,
107396,SAGECETE,ESTER,,131766-73-9,,,200.2747,CCCC1CC(CCO1)(C)OC(=O)C,CCCC1CC(CCO1)(C)OC(=O)C,23349556,57483300,57483300,TRUE,,23349556,
105188,SANDAL MYSORE CORE,ALCOHOL,,28219-60-5,,,194.3132,CC1=CCC(C1(C)C)CC=C(C)CO,CC1=CCC(C1(C)C)CC=C(C)CO,21173224,6438195,119897,FALSE,,21173224,
131502,SANDALORE,ALCOHOL,,65113-99-7,,,210.3556,CC1=CCC(C1(C)C)CCC(C)C(C)O,CC1=CCC(C1(C)C)CCC(C)C(C)O,93216,103212,103212,TRUE,,93216,
600001,SANDRANOLÎ,ALCOHOL,,28219-61-6,,,208.3398,CC/C(=C\CC1CC=C(C1(C)C)C)/CO,CCC(=CCC1CC=C(C1(C)C)C)CO,4942687,6438196,6438196,TRUE,,4942687,
172313,SANJINOL,ALCOHOL,,28219-61-6,,,208.3398,CC/C(=C\CC1CC=C(C1(C)C)C)/CO,CCC(=CCC1CC=C(C1(C)C)C)CO,4942687,6438196,6438196,TRUE,,4942687,
104316,SCENTENAL,ALDEHYDE,,86803-90-9,,,194.2701,COC1CC2CC1C3C2CC(C3)C=O,COC1CCC2C1C3CC(C2C3)C=O,143443,55250380,163529,FALSE,,143443,
100199,SILVIAL,ALDEHYDE,,6658-48-6,,,204.308,CC(C)Cc1ccc(cc1)CC(C)C=O,CC(C)CC1=CC=C(C=C1)CC(C)C=O,99560,110914,110914,TRUE,,99560,
684804,SPIROGALBANONE PURE,KETONE,,224031-70-3,224031-71-4,,218.3346,C=CCCC(=O)C1=CCCC2(C1)CCCC2,NA,13694751,,15405344,FALSE,,13694751,
131157,STEMONE,OXIME,,22457-23-4,,,143.2267,CCCCC(=NO)CCC,CCC(C)CC(=NO)CC,24591520,6180775,138960,FALSE,,24591520,
611357,STYRALYL ACETATE,ESTER,,93-92-5,,,164.2011,CC(c1ccccc1)OC(=O)C,CC(C1=CC=CC=C1)OC(=O)C,56133,62341,62341,TRUE,,56133,
903938,STYRALYL ACETATE FG,ESTER,,93-92-5,,,164.2011,CC(c1ccccc1)OC(=O)C,CC(C1=CC=CC=C1)OC(=O)C,56133,62341,62341,TRUE,,56133,
660414,STYRALYL ALCOHOL,ALCOHOL,,98-85-1,,,123.1571,C[13CH](c1ccccc1)O,CC(C1=CC=CC=C1)O,31043683,7409,71309108,FALSE,,31043683,
611467,STYRALYL PROPIONATE,ESTER,,120-45-6,,,178.22766,CCC(=O)O[C@H](C)C1=CC=CC=C1,CCC(=O)OC(C)C1=CC=CC=C1,5324581,8432,6951697,FALSE,,5324581,
131449,SULFUROL,HETEROCYCLIC,,137-00-8,,,143.2068,Cc1c(scn1)CCO,CC1=C(SC=N1)CCO,1104,1136,1136,TRUE,,1104,
100072,SULTANENEÎ,ESTER,,15848-49-4,,,154.2063,O=C(OCC)CC1\C=C/CC1,NA,9052605,,10877336,FALSE,,9052605,
902958,SYMFRESHÎ NX,ESTER,,25265-77-4,,,216.3172,CC(C)[C@@H](C(C)(C)CO)OC(=O)C(C)C,CC(C)C(C(C)(C)COC(=O)C(C)C)O,34988588,6490,73415910,FALSE,,34988588,
148469,SYMROSEÎ,ALCOHOL,,830322-14-0,,,170.2918,CC(C)CCC1CCC(CC1)O,NA,13536001,,18356807,FALSE,,13536001,
109818,SYMROXANE,ACETAL,,393517-28-7,393517-29-8,676125-00-1,234.377,CC1(CC(C=C2C13CCC(C3)C2(C)C)OC)C,NA,28552743,,78062915,FALSE,,28552743,
104312,SYVERTAL,ACETAL,,4359-47-1,,,172.2646,CCCCC(CC)C1OCCO1,CCCCC(CC)C1OCCO1,96538,107271,107271,TRUE,,96538,
103229,TABANON,KETONE,,13215-88-8,163440-97-9,,190.2814,C/C=C/C=C\1/C(=CC(=O)CC1(C)C)C,CC=CC=C1C(=CC(=O)CC1(C)C)C,18661975,18645216,18645216,TRUE,,18661975,
659672,TABANON COEUR,KETONE,,13215-88-8,163440-97-9,,190.2814,C/C=C/C=C\1/C(=CC(=O)CC1(C)C)C,CC=CC=C1C(=CC(=O)CC1(C)C)C,18661975,18645216,18645216,TRUE,,18661975,
195795,TANGERINOL,ESTER,,3239-35-8,,,238.3657,CC(CC/C=C(\C)/CCC=C(C)C)OC(=O)C,CC(CCC=C(C)CCC=C(C)C)OC(=O)C,4680697,5752319,5752319,TRUE,,4680697,
131002,TERPINENE GAMMA,HYDROCARBON,,99-85-4,,,136.234,CC1=CCC(=CC1)C(C)C,NA,7181,,7461,FALSE,,7181,
600044,TERPINEOL  RECT.,ALCOHOL,,8000-41-7,,,462.748,CC1=CCC(CC1)C(C)(C)O.CC(=C1CCC(CC1)(C)O)C.CC(=C)C1CCC(CC1)(C)O,CC1=CCC(CC1)C(C)(C)O,31102932,17100,0,FALSE,,31102932,
130817,TERPINEOL ALPHA,ALCOHOL,,98-55-5,,,154.2493,CC1=CCC(CC1)C(C)(C)O,CC1=CCC(CC1)C(C)(C)O,13850142,17100,17100,TRUE,,13850142,
130813,TERPINEOL PURE,ALCOHOL,,8000-41-7,,,462.748,CC1=CCC(CC1)C(C)(C)O.CC(=C1CCC(CC1)(C)O)C.CC(=C)C1CCC(CC1)(C)O,CC1=CCC(CC1)C(C)(C)O,31102932,17100,0,FALSE,,31102932,
660425,TERPINOLENE,HYDROCARBON,,586-62-9,,,136.234,CC1=CCC(=C(C)C)CC1,CC1=CCC(=C(C)C)CC1,10979,11463,11463,TRUE,,10979,
130837,TERPINYL ACETATE,ESTER,,8007-35-0,,,470.77,CC1CCC2CC1(C2(C)C)C3(CCC4CC3(C4(C)C)C56CC(C5(C)C)CCC6C)C.CC(=O)O,NA,57427099,,121237810,FALSE,,57427099,
600035,TERRANOLÎ,ALCOHOL,S,57566-26-4,88644-30-8,,222.3663,CC1(CCC[C@]2([C@@]13CC[C@@H](C3)C2(C)C)O)C,CC1(CCCC2(C13CCC(C3)C2(C)C)O)C,1386337,1753956,1753956,TRUE,,1386337,
130752,TETRAHYDRO CITRAL,ALDEHYDE,,5988-91-0,,,156.2652,C[C@H](CCCC(C)C)CC=O,CC(C)CCCC(C)CC=O,13076833,110747,12266719,FALSE,,13076833,
130990,TETRAHYDRO LINALOOL,ALCOHOL,,78-69-3,,,158.2811,CCC(C)(CCCC(C)C)O,CCC(C)(CCCC(C)C)O,6300,6548,6548,TRUE,,6300,
105480,TETRAHYDRO LINALYL ACETATE,ESTER,,20780-48-7,,,200.3178,CCC(C)(CCCC(C)C)OC(=O)C,CCC(C)(CCCC(C)C)OC(=O)C,80665,89385,89385,TRUE,,80665,
131098,TETRAHYDRO METHYL QUINOLINE PARA,AMINE,,91-61-2,,,160.2539,CCOCCCCC(C)(C)O,CC1=CC2=C(C=C1)NCCC2,232155,66678,264228,FALSE,,232155,
107617,TETRAHYDRO MYRCENOL,ALCOHOL,,18479-57-7,,,158.2811,CCC(C)CCCC(C)(C)O,CCC(C)CCCC(C)(C)O,78251,86751,86751,TRUE,,78251,
106217,TETRAHYDROGERANIOL,ALCOHOL,,106-21-8,,,158.2811,OCC[C@@H](CCCC(C)C)C,CC(C)CCCC(C)CCO,5367503,7792,6999991,FALSE,,5367503,
131525,"TETRAMETHYL PYRAZINE-2,3,5,6",HETEROCYCLIC,S,1124-11-4,,,136.1943,Cc1c(nc(c(n1)C)C)C,CC1=C(N=C(C(=N1)C)C)C,13658,14296,14296,TRUE,,13658,
131431,"THIOMENTHANONE-8,3",KETONE,,38462-22-5,,,186.3143,CC1CCC(C(=O)C1)C(C)(C)S,CC1CCC(C(=O)C1)C(C)(C)S,55833,61982,61982,TRUE,,55833,
162075,TOLYLALDEHYDE PARA FG,ALDEHYDE,,104-87-0,,,120.1485,Cc1ccc(cc1)C=O,CC1=CC=C(C=C1)C=O,13865424,7725,7725,TRUE,,13865424,
600745,TOSCANOL,ETHER,,16510-27-3,,,162.2283,COc1ccc(cc1)CC2CC2,COC1=CC=C(C=C1)CC2CC2,4927987,6422476,6422476,TRUE,,4927987,
104304,TRIDECEN NITRILE-2,NITRILE,,22629-49-8,,,193.3284,CCCCCCCCCC/C=C/C#N,NA,5020973,,6538105,FALSE,,5020973,
131224,TRIDECENAL TRANS-2,ALDEHYDE,,7774-82-5,,,196.32906,CCCCCCCCCC/C=C/C=O,NA,4446484,,5283363,FALSE,,4446484,
104325,TRIFERNAL,ALDEHYDE,,16251-77-7,,,162.2283,CC(CCC=O)c1ccccc1,CC(CC=O)C1=CC=CC=C1,27019549,85979,12277040,FALSE,,27019549,
131382,TRIMOFIX O,KETONE,,144020-22-4,,,246.3877,CC1=CCCC=C(CC=C(C(CC1)C(=O)C)C)C,CC1=CCCC(=CCC=C(C(CC1)C(=O)C)C)C,26553738,6504821,53422908,FALSE,,26553738,
964390,TRIMOFIX O BM,KETONE,,144020-22-4,,,246.3877,CC1=CCCC=C(CC=C(C(CC1)C(=O)C)C)C,CC1=CCCC(=CCC=C(C(CC1)C(=O)C)C)C,26553738,6504821,53422908,FALSE,,26553738,
182461,UNDECALACTONE DELTA,LACTONE,,710-04-3,,,184.2753,CCCCCC[C@H]1CCCC(=O)O1,NA,34990345,,12242463,FALSE,,34990345,
131375,UNDECENAL TRANS-2,ALDEHYDE,,2463-77-6,53448-07-0,,168.2759,CCCCCCCC/C=C\C=O,CCCCCCCCC=CC=O,4936357,5283356,6431019,FALSE,,4936357,
130878,UNDECYLENIC ALCOHOL,ALCOHOL,,112-43-6,,,170.2918,C=CCCCCCCCCCO,C=CCCCCCCCCCO,7893,8185,8185,TRUE,,7893,
113552,VALEROLACTONE GAMMA,LACTONE,,108-29-2,,,100.1158,CC1CCC(=O)O1,CC1CCC(=O)O1,7633,7921,7921,TRUE,,7633,
131423,VELOUTONE,KETONE,,65443-14-3,,,224.2961,CCCc1cc(ccc1OCC(CO)O)C,CCCCCC1(CCC(C1=O)(C)C)C,103394,103402,115616,FALSE,,103394,
195933,VELVIONE,KETONE,,37609-25-9,,,236.3929,C1CCCCCC(=O)CCCC=CCCCC1,C1CCCCCC(=O)CCCC=CCCCC1,26547690,5362736,162268,FALSE,,26547690,
105656,AMYL SALICYLATE,ESTER,,,,,208.2536,CCCCCOC(=O)c1ccccc1O,NA,15465,,16299,FALSE,,15465,
699713,ARCOSOLVE DPMA GLYCO ETHER,,,,,,521.5649,Cc1ccccc1C(CNc2c3c(ncn2)n(cn3)C4[C@@H]([C@@H]([C@H](O4)CO)O)O)c5cc(cc(c5)OC)OC,NA,109020,,122246,FALSE,,109020,
195564,AURANTIOL,SCHIFF-BASE,,,,,303.4391,CC(CCCC(C)(C)C)C/C=N/c1ccccc1C(=O)OC,NA,32696556,,92132574,FALSE,,32696556,
660554,CARENE DELTA-3 NAT.,HYDROCARBON,,,,,136.234,CC1=CCC2C(C1)C2(C)C,NA,24263,,26049,FALSE,,24263,
659577,"CINEOL 1,4",ETHER,,,,,157.2678,[2H]C1(CC2(CCC1(OC2(C)C)C)[2H])[2H],NA,23976355,,46781028,FALSE,,23976355,
198031,CORTEX ALDEHYDE 50,ALDEHYDE,,,,,136.1479,c1ccc(cc1)OCC=O,NA,67586,,75033,FALSE,,67586,
131228,DIHYDRO TERPINEOL,ALCOHOL,,,,,156.2652,CC1CCC(CC1)C(C)(C)O,NA,9926,,10353,FALSE,,9926,
130265,DIPENTENE,HYDROCARBON,,,,,138.2499,CCC/C=C/C=C/CCC,NA,4517561,,5365595,FALSE,,4517561,
103383,ETHYL SAFRANATE,ESTER,,,,,194.2701,CCOC(=O)C1=C(C=CCC1(C)C)C,NA,105633,,118201,FALSE,,105633,
197016,FLORALOZONE,ALDEHYDE,,,,,190.2814,CCc1ccc(cc1)CC(C)(C)C=O,NA,95151,,105513,FALSE,,95151,
100360,FLORAZON,ALDEHYDE,,,,,0,0,NA,0,,NA,NA,,0,
105562,GALBANOLENE SUPER,HYDROCARBON,,,,,254.47456,c1c(c(cc(c1Cl)Cl)Cl)OCC(=O)[O-],NA,4423393,,5257909,FALSE,,4423393,
170044,GERANIOL 60,ALCOHOL,,,,,154.2493,CC(=CCC/C(=C/CO)/C)C,NA,4303,,637566,FALSE,,4303,
903290,GERANIOL 60 B,ALCOHOL,,,,,154.2493,CC(=CCC/C(=C/CO)/C)C,NA,4303,,637566,FALSE,,4303,
103161,ISOJASMONE,KETONE,,,,,164.2441,CC/C=C\CC1=C(C(=O)CC1)C,NA,30777180,,93481789,FALSE,,30777180,
620107,ISOMENTHONE,KETONE,S,,,,154.2493,C[C@H]1CC[C@H](C(=O)C1)C(C)C,NA,4937714,,6432469,FALSE,,4937714,
130969,OCIMENE,HYDROCARBON,,,,,136.234,CC(=CC/C=C(/C)\C=C)C,NA,4478390,,5320250,FALSE,,4478390,
103944,TERPINOLENE DAK,HYDROCARBON,,,,,472.6615,CC(C)(C)c1ccc(cc1)C(CCCN2CCN(CC2)C(c3ccccc3)(c4ccccc4)O)O,NA,32697320,,92131824,FALSE,,32697320,
103849,TETRAHYDRO MUGUOL,ALCOHOL,,,,,154.2493,CCC(C)(/C=C/C=C(C)C)O,NA,5020894,,6537988,FALSE,,5020894,
130706,TOLYL ACETALDEHYDE PARA 50% DPG,ALDEHYDE,,,,,45.0452,C[13CH]=O,NA,21169769,,12161641,FALSE,,21169769,