"","CID","Material","Name","Chemical.group","Phase","CAS","CASNO2","CASNO3","csid","MolecularWeight","CanonicalSMILES","density"
"1",179,130001,"ACETYL METHYL CARBINOL NAT.","KETONE","S","513-86-0","","",21105851,"88.106","CC(C(=O)C)O","1.0"
"2",243,162078,"BENZOIC ACID","ACID","","65-85-0","","",238,"122.123","C1=CC=C(C=C1)C(=O)O","1.2"
"3",323,130217,"COUMARIN","LACTONE","S","91-64-5","","",13848793,"146.145","C1=CC=C2C(=C1)C=CC(=O)O2","1.2"
"4",325,131180,"CUMINIC ALCOHOL","ALCOHOL","","536-60-7","","",21105932,"150.221","CC(C)C1=CC=C(C=C1)CO","1.0"
"5",326,164812,"CUMINIC ALDEHYDE","ALDEHYDE","","122-03-2","","",21106431,"148.205","CC(C)C1=CC=C(C=C1)C=O","1.0"
"6",998,660354,"PHENYLACETALDEHYDE","ALDEHYDE","","122-78-1","","",13876539,"120.151","C1=CC=C(C=C1)CC=O","1.0"
"7",999,621268,"PHENYLACETIC ACID","ACID","S","103-82-2","","",10181341,"136.15","C1=CC=C(C=C1)CC(=O)O","1.2"
"8",1030,160221,"PROPYLENE GLYCOL-1,2","ALCOHOL","","57-55-6","","",13835224,"76.095","CC(CO)O","1.0"
"9",1136,131449,"SULFUROL","HETEROCYCLIC","","137-00-8","","",1104,"143.204","CC1=C(SC=N1)CCO","1.2"
"10",2345,600040,"BENZYL BENZOATE M","ESTER","","120-51-4","","",13856959,"212.248","C1=CC=C(C=C1)COC(=O)C2=CC=CC=C2","1.1"
"11",2537,904679,"CAMPHOR DL FG (ORAL CARE & FRA USE ONLY)","KETONE","S","76-22-2","","",2441,"152.237","CC1(C2CCC1(C(=O)C2)C)C","1.0"
"12",2537,130465,"CAMPHOR DL","KETONE","S","76-22-2","","",2441,"152.237","CC1(C2CCC1(C(=O)C2)C)C","1.0"
"13",3102,660032,"BENZOPHENONE CRYST.","KETONE","S","119-61-9","","",2991,"182.222","C1=CC=C(C=C1)C(=O)C2=CC=CC=C2","1.1"
"14",3314,608025,"EUGENOL NAT.","PHENOL","","97-53-0","","",13876103,"164.204","COC1=C(C=CC(=C1)CC=C)O","1.1"
"15",4632,116210,"NEO HELIOPANÎ BB","KETONE","S","131-57-7","","",4471,"228.247","COC1=CC(=C(C=C1)C(=O)C2=CC=CC=C2)O","1.2"
"16",6054,130744,"PHENYLETHYL ALCOHOL","ALCOHOL","","60-12-8","","",5830,"122.167","C1=CC=C(C=C1)CCO","1.0"
"17",6448,130138,"BORNYL ACETATE L CRYST.","ESTER","","5655-61-8","","",83962,"196.29","CC(=O)OC1CC2CCC1(C2(C)C)C","1.0"
"18",6490,902958,"SYMFRESHÎ NX","ESTER","","25265-77-4","","",6245,"216.321","CC(C)C(C(C)(C)COC(=O)C(C)C)O","0.9"
"19",6501,106182,"ALDEHYDE C16 SO-CALLED","ESTER","","77-83-8","","",6255,"206.241","CCOC(=O)C1C(O1)(C)C2=CC=CC=C2","1.1"
"20",6548,130990,"TETRAHYDRO LINALOOL","ALCOHOL","","78-69-3","","",6300,"158.285","CCC(C)(CCCC(C)C)O","0.8"
"21",6616,164178,"CAMPHENE","HYDROCARBON","S","79-92-5","","",6364,"136.238","CC1(C2CCC(C2)C1=C)C","0.9"
"22",6654,160223,"PINENE ALPHA LAEVO NAT.","HYDROCARBON","","80-56-8","","",6402,"136.238","CC1=CCC2CC1C2(C)C","0.9"
"23",6826,130941,"DIMETHYL ANTHRANILATE EXTRA","ESTER","","85-91-6","","",21108245,"165.192","CNC1=CC=CC=C1C(=O)OC","1.1"
"24",6873,105683,"ISOBUTYL SALICYLATE","ESTER","","87-19-4","","",6611,"194.23","CC(C)COC(=O)C1=CC=CC=C1O","1.1"
"25",6874,104141,"ISOAMYL SALICYLATE","ESTER","","87-20-7","","",6612,"208.257","CC(C)CCOC(=O)C1=CC=CC=C1O","1.1"
"26",7007,130770,"ROSACETATE","ESTER","S","90-17-5","","",6741,"267.53","CC(=O)OC(C1=CC=CC=C1)C(Cl)(Cl)Cl","1.4"
"27",7119,665020,"NEROLIN YARA YARA CRIST.","ETHER","S","93-04-9","","",6852,"158.2","COC1=CC2=CC=CC=C2C=C1","1.1"
"28",7122,660240,"METHYL NAPHTHYL KETONE BETA CRYST","KETONE","S","93-08-3","","",6855,"170.211","CC(=O)C1=CC2=CC=CC=C2C=C1","1.1"
"29",7129,130659,"NEROLIN BROMELIA","ETHER","S","93-18-5","","",6862,"172.227","CCOC1=CC2=CC=CC=C2C=C1","1.0"
"30",7136,131135,"EUGENYL ACETATE","ESTER","","93-28-7","","",6869,"206.241","CC(=O)OC1=C(C=C(C=C1)CC=C)OC","1.1"
"31",7137,103615,"ISOEUGENYL ACETATE","ESTER","S","93-29-8","","",6870,"206.241","CC=CC1=CC(=C(C=C1)OC(=O)C)OC","1.1"
"32",7144,103396,"METHYL GUAIACOL-4","PHENOL","","93-51-6","","",21105936,"138.166","CC1=CC(=C(C=C1)O)OC","1.1"
"33",7146,130391,"HYDRATROPIC ALDEHYDE","ALDEHYDE","","93-53-8","","",6879,"134.178","CC(C=O)C1=CC=CC=C1","1.0"
"34",7170,105384,"ETHYL BENZOYL ACETATE","ESTER","","94-02-0","","",6902,"192.214","CCOC(=O)CC(=O)C1=CC=CC=C1","1.1"
"35",7193,613013,"ISOAMYL BENZOATE","ESTER","","94-46-2","","",6925,"192.258","CC(C)CCOC(=O)C1=CC=CC=C1","1.0"
"36",7342,131130,"ETHYL ISOBUTYRATE","ESTER","","97-62-1","","",7065,"116.16","CCOC(=O)C(C)C","0.9"
"37",7344,130601,"ETHYL LACTATE","ESTER","","97-64-3","","",13837423,"118.132","CCOC(=O)C(C)O","1.1"
"38",7351,105390,"ISOBUTYL ISOBUTYRATE","ESTER","","97-85-8","","",7073,"144.214","CC(C)COC(=O)C(C)C","0.9"
"39",7363,130354,"FURFURYL MERCAPTAN","ESTER","","98-02-2","","",7085,"114.162","C1=COC(=C1)CS","1.1"
"40",7391,164709,"BUTYL CYCLOHEXANOL PARA-TERT.","ALCOHOL","S","98-52-2","","",7113,"156.269","CC(C)(C)C1CCC(CC1)O","0.9"
"41",7392,104625,"BUTYL CYCLOHEXANON PARA-TERT.","KETONE","S","98-53-3","","",7114,"154.253","CC(C)(C)C1CCC(=O)CC1","0.9"
"42",7409,660414,"STYRALYL ALCOHOL","ALCOHOL","","98-85-1","","",7131,"122.167","CC(C1=CC=CC=C1)O","1.0"
"43",7461,131002,"TERPINENE GAMMA","HYDROCARBON","","99-85-4","","",7181,"136.238","CC1=CCC(=CC1)C(C)C","0.8"
"44",7476,660002,"ACETANISOLE CRYST.","KETONE","S","100-06-1","","",13835344,"150.177","CC(=O)C1=CC=C(C=C1)OC","1.0"
"45",7505,164902,"BENZO NITRILE","NITRILE","","100-47-0","","",7224,"103.124","C1=CC=C(C=C1)C#N","1.0"
"46",7531,130255,"DIMETHYL BENZYL CARBINOL","ALCOHOL","","100-86-7","","",7250,"150.221","CC(C)(CC1=CC=CC=C1)O","1.0"
"47",7580,104099,"DIPHENYL METHANE","HYDROCARBON","","101-81-5","","",7299,"168.239","C1=CC=C(C=C1)CC2=CC=CC=C2","1.0"
"48",7583,130273,"DIPHENYL OXIDE","ETHER","","101-84-8","","",7302,"170.211","C1=CC=C(C=C1)OC2=CC=CC=C2","1.1"
"49",7590,105951,"ETHYL PHENYL ACETATE","ESTER","","101-97-3","","",13885245,"164.204","CCOC(=O)CC1=CC=CC=C1","1.0"
"50",7600,104578,"ISOAMYL PHENYL ACETATE","ESTER","","102-19-2","","",7318,"206.285","CC(C)CCOC(=O)CC1=CC=CC=C1","1.0"
"51",7601,103936,"PHENYLETHYL PHENYLACETATE","ESTER","","102-20-5","","",7319,"240.302","C1=CC=C(C=C1)CCOC(=O)CC2=CC=CC=C2","1.1"
"52",7632,103258,"PHENYLETHYL DIMETHYL CARBINOL","ALCOHOL","","103-05-9","","",7350,"164.248","CC(C)(CCC1=CC=CC=C1)O","1.0"
"53",7641,699708,"DIOCTYL ADIPATE","ESTER","","103-23-1","","",7358,"370.574","CCCCC(CC)COC(=O)CCCCC(=O)OCC(CC)CCCC","0.9"
"54",7646,104495,"BENZYL ISOBUTYRATE","ESTER","","103-28-6","","",7363,"178.231","CC(C)C(=O)OCC1=CC=CC=C1","1.0"
"55",7650,103937,"BENZYL BUTYRATE","ESTER","","103-37-7","","",7367,"178.231","CCCC(=O)OCC1=CC=CC=C1","1.0"
"56",7651,104576,"BENZYL ISOVALERATE","ESTER","","103-38-8","","",7368,"192.258","CC(C)CC(=O)OCC1=CC=CC=C1","1.0"
"57",7655,103934,"PHENYLETHYL ISOBUTYRATE","ESTER","","103-48-0","","",7372,"192.258","CC(C)C(=O)OCCC1=CC=CC=C1","1.0"
"58",7658,103392,"PHENYLETHYL BUTYRATE","ESTER","","103-52-6","","",7375,"192.258","CCCC(=O)OCCC1=CC=CC=C1","1.0"
"59",7685,198026,"CRESYL ISOBUTYRATE PARA","ESTER","","103-93-5","","",7401,"178.231","CC1=CC=C(C=C1)OC(=O)C(C)C","1.0"
"60",7695,611049,"ANISYL ACETATE","ESTER","","104-21-2","","",7410,"180.203","CC(=O)OCC1=CC=C(C=C1)OC","1.1"
"61",7702,660556,"DIHYDRO ANETHOLE","ETHER","","104-45-0","","",13850344,"150.221","CCCC1=CC=C(C=C1)OC","0.9"
"62",7704,105565,"OCTALACTONE GAMMA","LACTONE","","104-50-7","","",7418,"142.198","CCCCC1CCC(=O)O1","1.0"
"63",7707,130412,"PHENYLPROPYL ALDEHYDE","ALDEHYDE","","104-53-0","","",7421,"134.178","C1=CC=C(C=C1)CCC=O","1.0"
"64",7708,613065,"BENZYL FORMATE","ESTER","","104-57-4","","",7422,"136.15","C1=CC=C(C=C1)COC=O","1.1"
"65",7710,103866,"ALDEHYDE C18 SO-CALLED","LACTONE","","104-61-0","","",7424,"156.225","CCCCCC1CCC(=O)O1","1.0"
"66",7711,103614,"PHENYLETHYL FORMATE","ESTER","","104-62-1","","",7425,"150.177","C1=CC=C(C=C1)CCOC=O","1.1"
"67",7714,173437,"ALDEHYDE C14 SO CALLED NAT.","LACTONE","","104-67-6","","",7428,"184.279","CCCCCCCC1CCC(=O)O1","0.9"
"68",7714,606009,"ALDEHYDE C14 SO-CALLED","LACTONE","","104-67-6","","",7428,"184.279","CCCCCCCC1CCC(=O)O1","0.9"
"69",7725,162075,"TOLYLALDEHYDE PARA FG","ALDEHYDE","","104-87-0","","",13865424,"120.151","CC1=CC=C(C=C1)C=O","1.0"
"70",7731,613754,"CRESYL METHYL ETHER P(CR<10 PPM)","ETHER","","104-93-8","","",13865438,"122.167","CC1=CC=C(C=C1)OC","0.9"
"71",7731,660314,"CRESYL METHYL ETHER PARA","ETHER","","104-93-8","","",13865438,"122.167","CC1=CC=C(C=C1)OC","0.9"
"72",7738,654001,"ANISYL ALCOHOL","ALCOHOL","S","105-13-5","","",21105859,"138.166","COC1=CC=C(C=C1)CO","1.1"
"73",7742,130986,"HEPTALACTONE GAMMA","LACTONE","","105-21-5","","",7456,"128.171","CCCC1CCC(=O)O1","1.0"
"74",7749,103250,"ETHYL PROPIONATE","ESTER","","105-37-3","","",7463,"102.133","CCC(=O)OCC","0.9"
"75",7778,103597,"CITRONELLYL FORMATE","ESTER","","105-85-1","","",21427416,"184.279","CC(CCC=C(C)C)CCOC=O","0.9"
"76",7792,106217,"TETRAHYDROGERANIOL","ALCOHOL","","106-21-8","","",7504,"158.285","CC(C)CCCC(C)CCO","0.8"
"77",7794,601344,"CITRONELLAL NAT. SUPRA","ALDEHYDE","","106-23-0","","",67959,"154.253","CC(CCC=C(C)C)CC=O","0.8"
"78",7794,188285,"CITRONELLAL SYNTH.","ALDEHYDE","","106-23-0","","",67959,"154.253","CC(CCC=C(C)C)CC=O","0.8"
"79",7800,104760,"ETHYL LAURATE","ESTER","","106-33-2","","",7512,"228.376","CCCCCCCCCCCC(=O)OCC","0.9"
"80",7822,103315,"ISOOCTANONE","KETONE","","541-85-5","","",7534,"128.215","CCC(C)CC(=O)CC","0.8"
"81",7888,103026,"HYDROXY CITRONELLAL","ALDEHYDE","","107-75-5","","",7600,"172.268","CC(CCCC(C)(C)O)CC=O","0.9"
"82",7921,113552,"VALEROLACTONE GAMMA","LACTONE","","108-29-2","","",7633,"100.117","CC1CCC(=O)O1","1.0"
"83",7984,600515,"DIHYDROAMBRETTOLIDE","LACTONE","S","109-29-5","","",7695,"254.414","C1CCCCCCCC(=O)OCCCCCCC1","0.9"
"84",7997,131301,"PROPYL ACETATE","ESTER","","109-60-4","","",7706,"102.133","CCCOC(=O)C","0.9"
"85",8038,104756,"ISOBUTYL ACETATE","ESTER","","110-19-0","","",7747,"116.16","CC(C)COC(=O)C","0.9"
"86",8138,660564,"METHYL UNDECYLENATE","ESTER","","111-81-9","","",7846,"198.306","COC(=O)CCCCCCCCC=C","0.9"
"87",8158,164637,"PELARGONIC ACID","ACID","","112-05-0","","",7866,"158.241","CCCCCCCCC(=O)O","0.9"
"88",8185,130878,"UNDECYLENIC ALCOHOL","ALCOHOL","","112-43-6","","",7893,"170.296","C=CCCCCCCCCCO","0.8"
"89",8187,130877,"ALDEHYDE C11 UNDECYLENIC","ALDEHYDE","","112-45-8","","",7895,"168.28","C=CCCCCCCCCC=O","0.8"
"90",8194,130030,"ALDEHYDE C12 LAURIC","ALDEHYDE","","112-54-9","","",7902,"184.323","CCCCCCCCCCCC=O","0.8"
"91",8314,164487,"METHYLBUTYRIC ACID-2","ACID","","116-53-0","","",8012,"102.133","CCC(C)C(=O)O","1.0"
"92",8363,660408,"BENZYL SALICYLATE","ESTER","","118-58-1","","",8060,"228.247","C1=CC=C(C=C1)COC(=O)C2=CC=CC=C2O","1.2"
"93",8364,131494,"NEO HELIOPANÎ OS","KETONE","","118-60-5","","",8061,"250.338","CCCCC(CC)COC(=O)C1=CC=CC=C1O","1.0"
"94",8365,105543,"ETHYL SALICYLATE","ESTER","","118-61-6","","",21105897,"166.176","CCOC(=O)C1=CC=CC=C1O","1.2"
"95",8432,611467,"STYRALYL PROPIONATE","ESTER","","120-45-6","","",8125,"178.231","CCC(=O)OC(C)C1=CC=CC=C1","1.0"
"96",8438,130382,"HELIOTROPIN","ALDEHYDE","S","120-57-0","","",13859497,"150.133","C1OC2=C(O1)C=C(C=C2)C=O","1.3"
"97",8438,106228,"HELIOTROPIN/PIPERONAL NAT.","ALDEHYDE","S","120-57-0","","",13859497,"150.133","C1OC2=C(O1)C=C(C=C2)C=O","1.3"
"98",8467,130141,"ETHYL VANILLIN","ALDEHYDE","S","121-32-4","","",8154,"166.176","CCOC1=C(C=CC(=C1)C=O)O","1.2"
"99",8710,660137,"PROJASMONE P","KETONE","","137-03-1","","",8386,"182.307","CCCCCCCC1CCCC1=O","0.9"
"100",8792,103935,"PHENYLETHYL ISOVALERATE","ESTER","","140-26-1","","",8462,"206.285","CC(C)CC(=O)OCCC1=CC=CC=C1","1.0"
"101",8797,104087,"CRESYL ACETATE PARA","ESTER","","140-39-6","","",21106001,"150.177","CC1=CC=C(C=C1)OC(=O)C","1.0"
"102",8834,103598,"CITRONELLYL PROPIONATE","ESTER","","141-14-0","","",8502,"212.333","CCC(=O)OCCC(C)CCC=C(C)C","0.9"
"103",8835,103596,"CITRONELLYL BUTYRATE","ESTER","","141-16-2","","",8503,"226.36","CCCC(=O)OCCC(C)CCC=C(C)C","0.9"
"104",8842,106184,"CITRONELLOL 950","ALCOHOL","","106-22-9","","",13850135,"156.269","CC(CCC=C(C)C)CCO","0.8"
"105",8857,130298,"ETHYL ACETATE","ESTER","","141-78-6","","",8525,"88.106","CCOC(=O)C","0.9"
"106",8863,104086,"HYDROXY CITRONELLAL DIMET-ACETAL","ACETAL","","141-92-4","","",8530,"218.337","CC(CCCC(C)(C)O)CC(OC)OC","0.9"
"107",8868,164019,"ETHYL ACETOACETATE","ESTER","","141-97-9","","",13865426,"130.143","CCOC(=O)CC(=O)C","1.0"
"108",9016,103067,"DIMETHYL HYDROQUINONE","ETHER","S","150-78-7","","",21105878,"138.166","COC1=CC=C(C=C1)OC","1.0"
"109",9017,106216,"CITRONELLYL ACETATE EXTRA","ESTER","","150-84-5","","",8667,"198.306","CC(CCC=C(C)C)CCOC(=O)C","0.9"
"110",9024,130254,"DIMETHYL BENZYL CARBINYL ACETATE","ESTER","","151-05-3","","",8673,"192.258","CC(=O)OC(C)(C)CC1=CC=CC=C1","1.0"
"111",9024,903930,"DIMETHYL BENZYL CARBINYL ACETATE FG","ESTER","","151-05-3","","",8673,"192.258","CC(=O)OC(C)(C)CC1=CC=CC=C1","1.0"
"112",9473,104002,"HELIOTROPYL ACETATE","ESTER","","326-61-4","","",9101,"194.186","CC(=O)OCC1=CC2=C(C=C1)OCO2","1.3"
"113",9862,130576,"METHYL HEPTENONE-6,5,2","KETONE","","110-93-0","","",9478,"126.199","CC(=CCCC(=O)C)C","0.8"
"114",10353,131228,"DIHYDRO TERPINEOL","ALCOHOL","","498-81-7","","",9926,"156.269","CC1CCC(CC1)C(C)(C)O","0.9"
"115",10364,660534,"CARVACROL","PHENOL","","499-75-2","","",21105867,"150.221","CC1=C(C=C(C=C1)C(C)C)O","1.0"
"116",10430,164424,"ISOVALERIC ACID","ACID","","503-74-2","","",10001,"102.133","CC(C)CC(=O)O","1.0"
"117",10453,131418,"ISOPHYTOL","ALCOHOL","","505-32-8","","",10021,"296.539","CC(C)CCCC(C)CCCC(C)CCCC(C)(C=C)O","0.8"
"118",10947,131545,"MUSCONE","KETONE","","541-91-3","","",10483,"238.415","CC1CCCCCCCCCCCCC(=O)C1","0.8"
"119",11002,131325,"DIBUTYL SULFIDE","ETHER","","544-40-1","","",10536,"146.292","CCCCSCCCC","0.8"
"120",11463,103944,"TERPINOLENE DAK","HYDROCARBON","","586-62-9","","",10979,"136.238","CC1=CCC(=C(C)C)CC1","0.9"
"121",11463,660425,"TERPINOLENE","HYDROCARBON","","586-62-9","","",10979,"136.238","CC1=CCC(=C(C)C)CC1","0.9"
"122",11552,164421,"ISOVALERIC ALDEHYDE","ALDEHYDE","","590-86-3","","",11065,"86.134","CC(C)CC=O","0.8"
"123",11747,130058,"PENTANDIONE-2,3","KETONE","","600-14-6","","",11254,"100.117","CCC(=O)C(=O)C","1.0"
"124",12613,611037,"ISOAMYL ISOVALERATE","ESTER","","659-70-1","","",12093,"172.268","CC(C)CCOC(=O)CC(C)C","0.9"
"125",12756,130172,"HEXALACTONE GAMMA","LACTONE","","695-06-7","","",12232,"114.144","CCC1CCC(=O)O1","1.0"
"126",12777,131485,"OCTALACTONE DELTA","LACTONE","","698-76-0","","",12252,"142.198","CCCC1CCCC(=O)O1","1.0"
"127",12844,130286,"DODECALACTONE DELTA","LACTONE","","713-95-1","","",12314,"198.306","CCCCCCCC1CCCC(=O)O1","0.9"
"128",13357,611401,"METHYL METHYLBUTYRATE-2","ESTER","","868-57-5","","",12788,"116.16","CCC(C)C(=O)OC","0.9"
"129",14235,104032,"MYRCENYL ACETATE","ESTER","","1118-39-4","","",13599,"196.29","CC(=O)OC(C)(C)CCCC(=C)C=C","0.9"
"130",14296,131525,"TETRAMETHYL PYRAZINE-2,3,5,6","HETEROCYCLIC","S","1124-11-4","","",13658,"136.198","CC1=C(N=C(C(=N1)C)C)C","1.0"
"131",14489,601331,"PRENYL ACETATE","ESTER","","1191-16-8","","",13834,"128.171","CC(=CCOC(=O)C)C","0.9"
"132",15037,659519,"FURFURYL PYRROLE","HETEROCYCLIC","","1438-94-4","","",14312,"147.177","C1=CN(C=C1)CC2=CC=CO2","1.1"
"133",15435,600303,"COUMARONE","KETONE","S","1646-26-0","","",14690,"160.172","CC(=O)C1=CC2=CC=CC=C2O1","1.2"
"134",16299,105656,"AMYL SALICYLATE","ESTER","","","","",15465,"208.257","CCCCCOC(=O)C1=CC=CC=C1O","1.1"
"135",16582,601764,"BETA NAPTHYL ISO BUTYL ETHER","ETHER","S","2173-57-1","","",15722,"200.281","CC(C)COC1=CC2=CC=CC=C2C=C1","1.0"
"136",16724,106811,"CARVONE D NAT.","KETONE","","2244-16-8","","",15855,"150.221","CC1=CCC(CC1=O)C(=C)C","0.9"
"137",16741,131090,"PHENYLETHYL ISOTHIOCYANATE","ESTER","","","","",15870,"163.238","C1=CC=C(C=C1)CCN=C=S","1.0"
"138",16821,690750,"DODECALACTONE GAMMA","LACTONE","","","","",15940,"198.306","CCCCCCCCC1CCC(=O)O1","0.9"
"139",16872,131266,"HEXYL ISOBUTYRATE","ESTER","","","","",15988,"172.268","CCCCCCOC(=O)C(C)C","0.9"
"140",17092,198046,"CLONAL","NITRILE","","2437-25-4","","",16177,"181.323","CCCCCCCCCCCC#N","0.8"
"141",17100,130817,"TERPINEOL ALPHA","ALCOHOL","","98-55-5","","",13850142,"154.253","CC1=CCC(CC1)C(C)(C)O","0.9"
"142",17100,130813,"TERPINEOL PURE","ALCOHOL","","8000-41-7","","",13850142,"154.253","CC1=CCC(CC1)C(C)(C)O","0.9"
"143",17100,600044,"TERPINEOL  RECT.","ALCOHOL","","8000-41-7","","",13850142,"154.253","CC1=CCC(CC1)C(C)(C)O","0.9"
"144",17121,131274,"OCTENYL ACETATE-1,3","ESTER","","","","",16205,"170.252","CCCCCC(C=C)OC(=O)C","0.9"
"145",17355,600624,"BENZYL ACETONE","KETONE","","2550-26-7","","",16422,"148.205","CC(=O)CCC1=CC=CC=C1","1.0"
"146",17623,104084,"ACETYL METHYL ANTHRANILATE N","ESTER","S","","","",16658,"193.202","CC(=O)NC1=CC=CC=C1C(=O)OC","1.2"
"147",18698,131336,"NONALACTONE DELTA","LACTONE","","3301-94-8","","",17658,"156.225","CCCCC1CCCC(=O)O1","0.9"
"148",18827,638261,"OCTENOL-1,3","ALCOHOL","","3391-86-4","","",17778,"128.215","CCCCCC(C=C)O","0.8"
"149",18938,164854,"ISONONANOL","ALCOHOL","","3452-97-9","","",21428736,"144.258","CC(CCO)CC(C)(C)C","0.8"
"150",19089,103222,"PHENYLETHYL METHYL ETHER","ETHER","","3558-60-9","","",18022,"136.194","COCCC1=CC=CC=C1","0.9"
"151",19309,131225,"FURANEOL","ALCOHOL","S","3658-77-3","","",18218,"128.127","CC1C(=O)C(=C(O1)C)O","1.3"
"152",20487,130675,"OCTAHYDRO COUMARIN","LACTONE","","4430-31-3","","",19294,"154.209","C1CCC2C(C1)CCC(=O)O2","1.1"
"153",20739,103452,"ISOPROPYL CYCLOHEXANOL","ALCOHOL","","","","",19528,"142.242","CC(C)C1CCC(CC1)O","0.9"
"154",21059,116165,"ETHYL MALTOL","KETONE","S","","","",19804,"140.138","CCC1=C(C(=O)C=CO1)O","1.3"
"155",21574,131210,"ISONONYL ALDEHYDE S","ALDEHYDE","","5435-64-3","","",20276,"142.242","CC(CC=O)CC(C)(C)C","0.8"
"156",21895,600028,"PHENYLACETALDEHYDE GLYCERYLACETAL","ACETAL","","29895-73-6","","",20580,"194.23","C1C(OC(O1)CC2=CC=CC=C2)CO","1.2"
"157",22230,164229,"CITRIC ACID MONOHYDRATE MSF","ACID","S","5949-29-1","77-92-9","",20872,"210.138","C(C(=O)O)C(CC(=O)O)(C(=O)O)O.O","NA"
"158",22311,130265,"DIPENTENE","HYDROCARBON","","138-86-3","","",20939,"136.238","CC1=CCC(CC1)C(=C)C","0.8"
"159",23459,103296,"ISODODECANE","HYDROCARBON","","31807-55-3","93685-81-5","",21934,"170.34","CCCCCCCCCC(C)C","0.8"
"160",24020,611402,"ETHYL METHYL BUTYRATE-2","ESTER","","7452-79-1","","",22453,"130.187","CCC(C)C(=O)OCC","0.9"
"161",24114,131339,"BUTYL BUTYRYL LACTATE","ESTER","","7492-70-8","","",22539,"216.277","CCCCOC(=O)C(C)OC(=O)CCC","1.0"
"162",24117,690394,"ALLYL PHENOXY ACETATE","ESTER","","7493-74-5","","",22542,"192.214","C=CCOC(=O)COC1=CC=CC=C1","1.1"
"163",24915,903994,"DIMETHYL BENZYL CARBINYL BUTYRAT FG","ESTER","","10094-34-5","","",23294,"220.312","CCCC(=O)OC(C)(C)CC1=CC=CC=C1","1.0"
"164",24915,104283,"DIMETHYL BENZYL CARBINYL BUTYRATE","ESTER","","10094-34-5","","",23294,"220.312","CCCC(=O)OC(C)(C)CC1=CC=CC=C1","1.0"
"165",26049,660554,"CARENE DELTA-3 NAT.","HYDROCARBON","","13466-78-9","","",24263,"136.238","CC1=CCC2C(C1)C2(C)C","0.9"
"166",26289,659576,"CUMINIC NITRILE","NITRILE","","13816-33-6","","",24493,"145.205","CC(C)C1=CC=C(C=C1)C#N","1.0"
"167",26334,131314,"DIMETHYL ETHYL PYRAZINE-3,5(6),2","HETEROCYCLIC","","27043-05-6","","",24536,"136.198","CCC1=NC=C(N=C1C)C","1.0"
"168",27866,130780,"ROSE OXIDE L","ETHER","","16409-43-1","","",25927,"154.253","CC1CCOC(C1)C=C(C)C","0.9"
"169",27866,106268,"ROSE OXIDE HIGH CIS","ETHER","","16409-43-1","","",25927,"154.253","CC1CCOC(C1)C=C(C)C","0.9"
"170",27941,131227,"ORIVONE","KETONE","","16587-71-6","","",25994,"168.28","CCC(C)(C)C1CCC(=O)CC1","0.9"
"171",29096,103011,"DIHYDRO MYRCENOL","ALCOHOL","","18479-58-8","","",27067,"156.269","CC(CCCC(C)(C)O)C=C","0.8"
"172",29381,656012,"ALDEHYDE C11 MOA","ALDEHYDE","","19009-56-4","","",27316,"170.296","CCCCCCCCC(C)C=O","0.8"
"173",30111,107231,"DOWANOL TPM","ETHER","","25498-49-1","","",27970,"206.282","CC(COC(C)COC(C)COC)O","1.0"
"174",30248,131143,"DIHYDROCARVYL ACETATE","ESTER","","20777-49-5","","",28089,"196.29","CC1CCC(CC1OC(=O)C)C(=C)C","0.9"
"175",31209,104591,"AMYL CINNAMIC ALDEHYDE ALPHA","ALDEHYDE","","122-40-7","","",28950,"202.297","CCCCCC(=CC1=CC=CC=C1)C=O","1.0"
"176",31234,660165,"PHENYLPROPYL ALCOHOL","ALCOHOL","","122-97-4","","",13871718,"136.194","C1=CC=C(C=C1)CCCO","1.0"
"177",31236,130089,"PHENOXYETHYL ALCOHOL","ALCOHOL","","122-99-6","","",13848467,"138.166","C1=CC=C(C=C1)OCCO","1.1"
"178",31260,164115,"ISOAMYL ALCOHOL","ALCOHOL","","123-51-3","","",29000,"88.15","CC(C)CCO","0.8"
"179",31272,130149,"BUTYL ACETATE","ESTER","","123-86-4","","",29012,"116.16","CCCCOC(=O)C","0.9"
"180",31276,103493,"ISOAMYL ACETATE NAT.","ESTER","","123-92-2","","",29016,"130.187","CC(C)CCOC(=O)C","0.9"
"181",31289,103798,"ALDEHYDE C 9","ALDEHYDE","","124-19-6","","",29029,"142.242","CCCCCCCCC=O","0.8"
"182",32594,131239,"ISOBUTYL METHOXYPYRAZINE-3,2","HETEROCYCLIC","","24683-00-9","","",30208,"166.224","CC(C)CC1=NC=CN=C1OC","1.0"
"183",32857,160102,"DIPROPYLENE GLYCOL","ALCOHOL","","25265-71-8","","",30445,"134.175","C(CO)COCCCO","1.0"
"184",33166,131390,"ISOPROPYL METHOXYPYRAZINE-2,3","HETEROCYCLIC","","25773-40-4","","",30649,"152.197","CC(C)C1=NC=CN=C1OC","1.0"
"185",33865,103023,"ALCOHOL C13 OXO","ALCOHOL","","68526-86-3","","",31213,"200.366","CC(C)CCCCCCCCCCO","0.8"
"186",35821,690993,"AMBRINOL S","ALCOHOL","","31499-72-6","41199-19-3","",32951,"194.318","CC1=CCCC(C1CCC(=O)C)(C)C","0.9"
"187",36081,103451,"ORYCLON@ HC","ESTER","","32210-23-4","","",33188,"198.306","CC(=O)OC1CCC(CC1)C(C)(C)C","0.9"
"188",42745,611460,"NEONONYL ACETATE","ESTER","","58430-94-7","","",38985,"186.295","CC(CCOC(=O)C)CC(C)(C)C","0.9"
"189",43046,104088,"CRESYL CAPRYLATE PARA","ESTER","","59558-23-5","","",39230,"234.339","CCCCCCCC(=O)OC1=CC=C(C=C1)C","1.0"
"190",50216,103483,"PRENYL SALICYLATE","ESTER","","68555-58-8","","",45536,"206.241","CC(=CCOC(=O)C1=CC=CC=C1O)C","1.1"
"191",51040,622501,"NEO HELIOPANÎ 357","KETONE","S","70356-09-1","","",46261,"310.393","CC(C)(C)C1=CC=C(C=C1)C(=O)CC(=O)C2=CC=C(C=C2)OC","1.1"
"192",60985,131120,"CITRONELLYL ISOBUTYRATE","ESTER","","97-89-2","","",54946,"226.36","CC(C)C(=O)OCCC(C)CCC=C(C)C","0.9"
"193",60995,660345,"PHENYLACETALDEHYDE DIMETHYL ACETAL","ACETAL","","101-48-4","","",13876435,"166.22","COC(CC1=CC=CC=C1)OC","1.0"
"194",60997,131022,"CRESYL PHENYL ACETATE PARA","ESTER","S","101-94-0","","",54958,"226.275","CC1=CC=C(C=C1)OC(=O)CC2=CC=CC=C2","1.1"
"195",60998,105174,"ISOBUTYL PHENYLACETATE","ESTER","","102-13-6","","",54959,"192.258","CC(C)COC(=O)CC1=CC=CC=C1","1.0"
"196",60999,105497,"BENZYL PHENYLACETATE","ESTER","","102-16-9","","",54960,"226.275","C1=CC=C(C=C1)CC(=O)OCC2=CC=CC=C2","1.1"
"197",61005,105991,"PHENIRAT","ESTER","","103-60-6","","",7372,"208.257","CC(C)C(=O)OCCOC1=CC=CC=C1","1.0"
"198",61007,131479,"FRAMBINONÎ METHYL ETHER","KETONE","","104-20-1","","",54968,"178.231","CC(=O)CCC1=CC=C(C=C1)OC","1.0"
"199",61014,130966,"ETHYLENE BRASSYLATE","ESTER","","105-95-3","","",54974,"270.369","C1CCCCCC(=O)OCCOC(=O)CCCCC1","1.0"
"200",61030,131308,"OCTYL BUTYRATE","ESTER","","110-39-4","","",54989,"200.322","CCCCCCCCOC(=O)CCC","0.9"
"201",61031,656021,"ALDEHYDE C12 MNA","ALDEHYDE","","110-41-8","","",54990,"184.323","CCCCCCCCCC(C)C=O","0.8"
"202",61041,165208,"SAFRANAL","ALDEHYDE","","116-26-7","","",55000,"150.221","CC1=C(C(CC=C1)(C)C)C=O","1.0"
"203",61046,162067,"BENZYL ISOEUGENOL","ETHER","S","120-11-6","","",55005,"254.329","CC=CC1=CC(=C(C=C1)OCC2=CC=CC=C2)OC","1.1"
"204",61204,182461,"UNDECALACTONE DELTA","LACTONE","","710-04-3","","",9610216,"184.279","CCCCCCC1CCCC(=O)O1","0.9"
"205",61403,690520,"RESEDAFOL","ACETAL","","7493-57-4","","",55332,"208.301","CCCOC(C)OCCC1=CC=CC=C1","1.0"
"206",61431,658742,"RESEDYLACETAL","ACETAL","","10022-28-3","","",55356,"174.284","CCCCCCCC(OC)OC","0.8"
"207",61696,130337,"FENCHYL ACETATE","ESTER","","13851-11-1","","",55599,"196.29","CC(=O)OC1C(C2CCC1(C2)C)(C)C","1.0"
"208",61771,131156,"FRESCOMENTHE","KETONE","","14765-30-1","","",55659,"154.253","CCC(C)C1CCCCC1=O","0.9"
"209",61982,131431,"THIOMENTHANONE-8,3","KETONE","","38462-22-5","","",55833,"186.313","CC1CCC(C(=O)C1)C(C)(C)S","1.0"
"210",62098,658615,"CASSIONE","KETONE","S","55418-52-5","","",55934,"192.214","CC(=O)CCC1=CC2=C(C=C1)OCO2","1.2"
"211",62118,106104,"METHYL METHOXY BUTANOL-3,3","ALCOHOL","","56539-66-3","","",55953,"118.176","CC(C)(CCO)OC","0.9"
"212",62321,105874,"ETHYL LINALYL ACETATE","ESTER","","61931-80-4","","",56116,"224.344","CCCC(=O)OC(C)(CCC=C(C)C)C=C","0.9"
"213",62332,658982,"PHENYLETHYL SALICYLATE","ESTER","S","87-22-9","","",56124,"242.274","C1=CC=C(C=C1)CCOC(=O)C2=CC=CC=C2O","1.2"
"214",62334,661269,"AGRUMEX HC","ESTER","","88-41-5","20298-69-5","",56126,"198.306","CC(=O)OC1CCCCC1C(C)(C)C","0.9"
"215",62334,600278,"AGRUMEX LC","ESTER","","88-41-5","20298-69-5","",56126,"198.306","CC(=O)OC1CCCCC1C(C)(C)C","0.9"
"216",62336,131183,"HYDRATROPIC ALDEHYDE DIMETH.ACET","ACETAL","","90-87-9","","",56128,"180.247","CC(C1=CC=CC=C1)C(OC)OC","1.0"
"217",62341,903938,"STYRALYL ACETATE FG","ESTER","","93-92-5","","",56133,"164.204","CC(C1=CC=CC=C1)OC(=O)C","1.0"
"218",62341,611357,"STYRALYL ACETATE","ESTER","","93-92-5","","",56133,"164.204","CC(C1=CC=CC=C1)OC(=O)C","1.0"
"219",62378,130253,"DIHYDRO JASMONE","KETONE","","1128-08-1","","",56166,"166.264","CCCCCC1=C(CCC1=O)C","0.9"
"220",62654,903737,"CYCLEMAX","ALDEHYDE","","7775-00-0","","",56405,"176.259","CC(C)C1=CC=C(C=C1)CCC=O","0.9"
"221",62825,106255,"JEECOL ISA / ISOSTEARYL ALCOHOL","ALCOHOL","","27458-93-1","","",56559,"270.501","CC(C)CCCCCCCCCCCCCCCO","0.8"
"222",64805,103828,"HELIONAL","ALDEHYDE","","1205-17-0","","",58337,"192.214","CC(CC1=CC2=C(C=C1)OCO2)C=O","1.2"
"223",64813,131501,"CANTHOXAL","ALDEHYDE","","","","",58345,"178.231","CC(CC1=CC=C(C=C1)OC)C=O","1.0"
"224",64832,131249,"BOURGEONAL","ALDEHYDE","","18127-01-0","","",58364,"190.286","CC(C)(C)C1=CC=C(C=C1)CCC=O","0.9"
"225",64916,613148,"JASMOL","ALCOHOL","","92368-90-6","","",58445,"206.329","CCCCCC(CC1=CC=CC=C1)CO","0.9"
"226",65575,130188,"CEDROL CRIST.","ALCOHOL","S","77-53-2","","",59018,"222.372","CC1CCC2C13CCC(C(C3)C2(C)C)(C)O","1.0"
"227",66327,107343,"PEONILE","NITRILE","","10461-98-0","","",59705,"197.281","C1CCC(=C(C#N)C2=CC=CC=C2)CC1","1.1"
"228",66678,131098,"TETRAHYDRO METHYL QUINOLINE PARA","AMINE","","91-61-2","","",60044,"147.221","CC1=CC2=C(C=C1)NCCC2","1.0"
"229",66768,104012,"ISOJASMONE B 11","KETONE","","95-41-0","","",60134,"166.264","CCCCCCC1=CCCC1=O","0.9"
"230",66984,178583,"DOWANOL DPM","ETHER","","34590-94-8","","",60342,"148.202","COCCCOCCCO","1.0"
"231",67285,131215,"ISOPROPYL QUINOLINE","HETEROCYCLIC","","135-79-5","","",60617,"171.243","CC(C)C1=CC2=C(C=C1)N=CC=C2","1.0"
"232",69644,131184,"HEPTANAL DIETHYL ACETAL","ACETAL","","688-82-4","","",62845,"188.311","CCCCCCC(OCC)OCC","0.8"
"233",70368,690230,"PALISANDAL","ACETAL","","950-33-4","","",63549,"228.376","COC1(CCCCCCCCCCC1)OC","0.9"
"234",75033,198031,"CORTEX ALDEHYDE 50","ALDEHYDE","","2120-70-9","","",67586,"136.15","C1=CC=C(C=C1)OCC=O","1.1"
"235",75695,600359,"ISOMUSCONEÎ","KETONE","","2550-52-9","","",68213,"238.415","C1CCCCCCCC(=O)CCCCCCC1","0.9"
"236",76334,690165,"PALISANDIN","ETHER","","2986-54-1","","",68811,"198.35","COC1CCCCCCCCCCC1","0.9"
"237",76674,197014,"ORCINOL MONOMETHYL ETHER","PHENOL","S","3209-13-0","","",69135,"138.166","CC1=CC(=CC(=C1)OC)O","1.1"
"238",78435,131176,"EVERNYL","ESTER","S","4707-47-5","","",70804,"196.202","CC1=CC(=C(C(=C1C(=O)OC)O)C)O","1.3"
"239",78484,658651,"DIOLA","ETHER","","","","",70849,"116.204","CCCCCCOC","0.8"
"240",80865,690965,"JASMAPRUNAT","ESTER","","","","",72995,"174.196","CCOC(=O)CC1(OCCO1)C","1.1"
"241",83268,103208,"FREESIOL / CORPS 119","ALCOHOL","","13254-34-7","","",75130,"144.258","CC(C)CCCC(C)(C)O","0.8"
"242",83367,659479,"MUGUETALCOHOL","ALCOHOL","","13351-61-6","","",75226,"164.248","CC(C)(CC1=CC=CC=C1)CO","1.0"
"243",85755,198064,"ORANGE FLOWER ETHER","ETHER","","14576-08-0","","",77346,"168.28","CC1=CCC(CC1)C(C)(C)OC","0.9"
"244",85833,100205,"CANTRYLÎ","NITRILE","","15373-31-6","","",77421,"149.237","CC1=CCC(C1(C)C)CC#N","0.9"
"245",85979,104325,"TRIFERNAL","ALDEHYDE","","16251-77-7","","",77560,"148.205","CC(CC=O)C1=CC=CC=C1","1.0"
"246",86751,107617,"TETRAHYDRO MYRCENOL","ALCOHOL","","18479-57-7","","",78251,"158.285","CCC(C)CCCC(C)(C)O","0.8"
"247",86799,103623,"JASMOPYRANE","ESTER","","18871-14-2","","",78297,"214.305","CCCCCC1COCCC1OC(=O)C","1.0"
"248",88288,131288,"CEDRAMBER","ETHER","","19870-74-7","","",79648,"236.399","CC1CCC2C13CCC(C(C3)C2(C)C)(C)OC","1.0"
"249",89385,105480,"TETRAHYDRO LINALYL ACETATE","ESTER","","20780-48-7","","",80665,"200.322","CCC(C)(CCCC(C)C)OC(=O)C","0.9"
"250",90818,611471,"OZONIL","NITRILE","","22629-49-8","","",5020973,"193.334","CCCCCCCCCCC=CC#N","0.8"
"251",90818,104304,"TRIDECEN NITRILE-2","NITRILE","","22629-49-8","","",5020973,"193.334","CCCCCCCCCCC=CC#N","0.8"
"252",91147,105601,"GYRANE","ETHER","","24237-00-1","","",82300,"168.28","CCCCC1C=C(CC(O1)C)C","0.8"
"253",91337,103627,"APHERMATE","ESTER","","25225-08-5","","",82474,"184.279","CC(C1CCCC(C1)(C)C)OC=O","0.9"
"254",91388,103261,"HERBAC","KETONE","","25304-14-7","","",82521,"154.253","CC(=O)C1CCCC(C1)(C)C","0.9"
"255",91978,131139,"ANTHER","ETHER","","56011-02-0","","",83048,"192.302","CC(C)CCOCCC1=CC=CC=C1","0.9"
"256",92292,198024,"CASHMERAN","KETONE","S","33704-61-9","","",83324,"206.329","CC1C(C2=C(C1(C)C)C(=O)CCC2)(C)C","1.0"
"257",92606,100202,"DYNASCONE","KETONE","","56973-85-4","","",83599,"192.302","CC1(CCC=C(C1)C(=O)CCC=C)C","0.9"
"258",92606,197635,"GALBASCONE","KETONE","","56973-85-4","","",83599,"192.302","CC1(CCC=C(C1)C(=O)CCC=C)C","0.9"
"259",93847,103117,"GIVESCONE","ESTER","","57934-97-1","77851-07-1","",84706,"210.317","CCC1=CCCC(C1C(=O)OCC)(C)C","0.9"
"260",94111,600113,"AMBERWOODÎ F","ACETAL","","58567-11-6","","",84932,"242.403","CCOCOC1CCCCCCCCCCC1","0.9"
"261",94522,198039,"RHUBOFIX","ETHER","","41816-03-9","","",85298,"204.313","CC1C2(O1)CC3CC2C4C3CC=C(C4)C","1.1"
"262",94569,131523,"HERBOXAN","ACETAL","","54546-26-8","","",85337,"186.295","CCCCC1OC(CC(O1)(C)C)C","0.9"
"263",95266,198028,"RESEDA BODY","ACETAL","","67633-94-7","","",85964,"220.312","CC1CC(OC(O1)CC2=CC=CC=C2)(C)C","1.0"
"264",95392,103822,"FRAGOLANEÎ","ESTER","","6290-17-1","","",86088,"188.223","CCOC(=O)CC1(OCC(O1)C)C","1.0"
"265",95596,103843,"PRECYCLEMONE B","ALDEHYDE","","52474-60-9","52475-86-2","",86289,"206.329","CC(=CCCC1=CCC(CC1)(C)C=O)C","0.9"
"266",97707,131424,"METHYL TUBERATE PURE 100%","LACTONE","","33673-62-0","","",88186,"170.252","CCCCCC1C(CC(=O)O1)C","0.9"
"267",98118,195564,"AURANTIOL","SCHIFF-BASE","","89-43-0","","",88590,"305.418","CC(CCCC(C)(C)O)CC=NC1=CC=CC=C1C(=O)OC","1.0"
"268",98403,656019,"FARENALÎ","ALDEHYDE","","141-13-9","","",88859,"210.361","CC(CCCC(C)C=O)CCC=C(C)C","0.8"
"269",102844,902804,"DIMETHYL OCTENONE","KETONE","","2550-11-0","","",92902,"154.253","CCC(=O)C(C)CC=C(C)C","0.8"
"270",102849,198030,"HYACINTH BODY","ACETAL","","16930-96-4","","",92907,"194.274","CCOC(C)OCCC1=CC=CC=C1","1.0"
"271",103212,131502,"SANDALORE","ALCOHOL","","65113-99-7","","",93216,"210.361","CC1=CCC(C1(C)C)CCC(C)C(C)O","0.9"
"272",103377,103260,"OXYOCTALINE FORMATE","ESTER","","65405-72-3","","",93344,"236.355","CC1CCC2(C(=CCCC2(C1OC=O)C)C)C","1.0"
"273",103401,197017,"BUTYL QUINOLINE-6-SEC.(PYRALONE)","HETEROCYCLIC","","65442-31-1","","",93359,"185.27","CCC(C)C1=CC2=C(C=C1)N=CC=C2","1.0"
"274",103401,104354,"ISOBUTYL QUINOLINE DL 100%","HETEROCYCLIC","","65442-31-1","","",93359,"185.27","CCC(C)C1=CC2=C(C=C1)N=CC=C2","1.0"
"275",103402,131423,"VELOUTONE","KETONE","","65443-14-3","","",93360,"196.334","CCCCCC1(CCC(C1=O)(C)C)C","0.9"
"276",105179,105136,"CORPS EGLANTINE","ETHER","","64988-06-3","","",94884,"166.22","CCOCC1=CC=CC=C1OC","1.0"
"277",105510,103305,"METHYL LAVENDER KETONE","KETONE","","67633-95-8","67801-33-6","",95149,"172.268","CCCCCCCC(=O)CCO","0.9"
"278",105513,197016,"FLORALOZONE","ALDEHYDE","","67634-15-5","","",95151,"190.286","CCC1=CC=C(C=C1)CC(C)(C)C=O","0.9"
"279",106442,179349,"PETIOLE","ETHER","","68039-47-4","","",95833,"164.248","CC(C)OCCC1=CC=CC=C1","0.9"
"280",106729,131381,"ALLYL AMYL GLYCOLATE","ESTER","","67634-00-8","","",96061,"186.251","CC(C)CCOCC(=O)OCC=C","0.9"
"281",106756,600038,"APRIFLORENÎ","LACTONE","","67663-01-8","","",96085,"184.279","CCCCCCC1C(CC(=O)O1)C","0.9"
"282",106766,197007,"AMAROCITÎ","ACETAL","","67674-46-8","","",96095,"186.295","CC(=CCC(C)(C)C(OC)OC)C","0.9"
"283",106917,142048,"MINTONAT","ESTER","","67859-96-5","","",96208,"184.279","CC1CC(CC(C1)(C)C)OC(=O)C","0.9"
"284",107271,104312,"SYVERTAL","ACETAL","","4359-47-1","","",96538,"172.268","CCCCC(CC)C1OCCO1","0.9"
"285",107381,690307,"FLOROPAL","ACETAL","","5182-36-5","","",96644,"206.285","CC1CC(OC(O1)C)(C)C2=CC=CC=C2","1.0"
"286",108312,198070,"PHENOXANOL","ALCOHOL","","55066-48-3","","",97376,"178.275","CC(CCC1=CC=CC=C1)CCO","1.0"
"287",108443,107077,"ROSYRANE SUPER","ETHER","","60335-71-9","","",97501,"174.243","CC1=CCOC(C1)C2=CC=CC=C2","1.0"
"288",109640,103831,"ISOBUTYL QUINOLINE","HETEROCYCLIC","","68198-80-1","","",98541,"185.27","CC(C)CC1=CC2=C(C=C1)N=CC=C2","1.0"
"289",110747,130752,"TETRAHYDRO CITRAL","ALDEHYDE","","5988-91-0","","",99401,"156.269","CC(C)CCCC(C)CC=O","0.8"
"290",110914,100199,"SILVIAL","ALDEHYDE","","6658-48-6","","",99560,"204.313","CC(C)CC1=CC=C(C=C1)CC(C)C=O","0.9"
"291",111037,130837,"TERPINYL ACETATE","ESTER","","8007-35-0","","",99681,"196.29","CC1=CCC(CC1)C(C)(C)OC(=O)C","1.0"
"292",111416,103190,"ALDRONÎ","KETONE","","68901-22-4","","",99970,"248.41","CC1CC(CCC1=O)CC2C3CCC(C3)C2(C)C","1.0"
"293",112185,600144,"CHRYSANTHEME","KETONE","","69929-17-5","","",100566,"194.318","CC1C=C(CCC1C(=O)C(C)(C)C)C","0.9"
"294",112239,600000,"ISOTRIDECYL ACETATE","ESTER","","69103-23-7","","",100612,"242.403","CC(C)CCCCCCCCCCOC(=O)C","0.9"
"295",114233,600092,"MUGETANOL","ALCOHOL","","63767-86-2","","",102297,"170.296","CC(C)C1CCC(CC1)C(C)O","0.9"
"296",116736,643592,"FLORAL SUPER","ALDEHYDE","","71077-31-1","","",21168193,"180.291","CC(CCC=C(C)CCC=O)C=C","0.8"
"297",118119,100216,"JACINTHAFLORÎ","ACETAL","","33941-99-0","","",105556,"164.204","CC1OCC(O1)C2=CC=CC=C2","1.1"
"298",118201,103383,"ETHYL SAFRANATE","ESTER","","35044-59-8","","",105633,"194.274","CCOC(=O)C1=C(C=CCC1(C)C)C","1.0"
"299",118291,140419,"KEPHALIS","ETHER","","36306-86-2","36306-87-3","",105721,"252.398","CCOC1=CC(C(C(C1)(C)C)C(=C)OCC)(C)C","0.9"
"300",120101,131437,"CALONE","KETONE","S","28940-11-6","","",107218,"178.187","CC1=CC2=C(C=C1)OCC(=O)CO2","1.2"
"301",122510,131277,"ANDRANE","ETHER","","13567-39-0","","",109230,"220.356","CC1CCC2C13CC(C2(C)C)C4(C(C3)O4)C","1.0"
"302",157342,106156,"FRUITATE","ESTER","","129520-41-8","80623-07-0","80657-64-3",138471,"208.301","CCOC(=O)C12CCCC1C3CCC2C3","1.1"
"303",161675,659673,"MYSORE ACETATE","ESTER","","30772-69-1","","",141998,"208.301","CC(=O)OCC1CCC2C1C3CCC2C3","1.1"
"304",161960,131222,"JESSEMAL","ESTER","","38285-49-3","","",142247,"214.305","CCCCC1COCC(C1OC(=O)C)C","1.0"
"305",162027,103853,"ELINTAL FORTE","ACETAL","","40910-49-4","","",142303,"226.36","CCOC(C)OC(C)(CCC=C(C)C)C=C","0.9"
"306",162249,120648,"EXOVERT HIGH IMPACT","ESTER","","37172-53-5","","",142479,"226.316","CCCCCCC1C(CCC1=O)C(=O)OC","1.0"
"307",162249,131338,"JASMOPOL AC1300","ESTER","","37172-53-5","","",142479,"226.316","CCCCCCC1C(CCC1=O)C(=O)OC","1.0"
"308",162452,105158,"AMBRINOL","ALCOHOL","","41199-19-3","","",142636,"194.318","CC1(CCC=C2C1CCC(C2)(C)O)C","1.0"
"309",162481,103374,"PLICATONE","KETONE","","41724-19-0","","",142661,"178.275","CC1CC2C3CCC(C3)C2CC1=O","1.0"
"310",163414,105864,"GARDAMIDE","AMIDE","","84434-18-4","","",143374,"191.274","CCC(C)C(=O)N(C)C1=CC=CC=C1","1.0"
"311",163588,179339,"PERANAT","ESTER","","90397-38-9","","",143492,"200.322","CCCC(C)COC(=O)C(C)CCC","0.9"
"312",164355,100188,"FLEURANIL","NITRILE","","134123-93-6","","",144100,"187.286","CCC1=CC=C(C=C1)CC(C)(C)C#N","0.9"
"313",166450,195583,"BUCCOXIMEÎ","OXIME","","75147-23-8","","",145690,"167.252","CC12CCCC(C1=NO)(CC2)C","1.1"
"314",170833,601181,"ISOPULEGOL FRACTION EX EUCALYPTUS OIL","ALCOHOL","","89-79-2","","",149356,"154.253","CC1CCC(C(C1)O)C(=C)C","0.9"
"315",175211,131323,"ETHYL LINALOOL","ALCOHOL","","10339-55-6","","",152723,"182.307","CCOC(C)(CCC=C(C)C)C=C","0.8"
"316",175661,103836,"NECTARYL","KETONE","","95962-14-4","","",153032,"220.356","CC1=CCC(CC1)C(C)CC2CCCC2=O","1.0"
"317",240122,131059,"GUAIYL ACETATE","ESTER","","61789-17-1","94333-88-7","",55033,"264.409","CC1CCC(CC2=C1CCC2C)C(C)(C)OC(=O)C","1.0"
"318",249494,105027,"HYDROXY CITRONELLOL","ALCOHOL","","107-74-4","","",218463,"174.284","CC(CCCC(C)(C)O)CCO","0.9"
"319",262372,106108,"RHOLIATE","ESTER","","93981-50-1","","",230409,"365.159","CC(=O)OC1=C(C=C(C(=C1Cl)Cl)C(OC(=O)C)OC(=O)C)OC","1.4"
"320",439570,130178,"CARVONE L","KETONE","","6485-40-1","","",21106424,"150.221","CC1=CCC(CC1=O)C(=C)C","0.9"
"321",440967,130122,"PINENE BETA NAT.","HYDROCARBON","","127-91-3","","",389794,"136.238","CC1(C2CCC(=C)C1C2)C","0.9"
"322",442482,698337,"PHELLANDREN FRACTION EX EUCALYPTUS OIL","HYDROCARBON","","4221-98-1","","",390915,"136.238","CC1=CCC(C=C1)C(C)C","0.8"
"323",445070,130329,"FARNESOL","ALCOHOL","","4602-84-0","","",392816,"222.372","CC(=CCCC(=CCCC(=CCO)C)C)C","0.9"
"324",459494,600164,"CORPS RACINE","HETEROCYCLIC","","2110-18-1","","",404399,"197.281","C1=CC=C(C=C1)CCCC2=CC=CC=N2","1.0"
"325",517827,130935,"CYCLAMEN ALDEHYDE","ALDEHYDE","","103-95-7","","",451801,"190.286","CC(C)C1=CC=C(C=C1)CC(C)C=O","0.9"
"326",519382,103574,"DIHYDRO IONONE BETA","KETONE","","17283-81-7","","",453036,"194.318","CC1=C(C(CCC1)(C)C)CCC(=O)C","0.9"
"327",521238,611469,"OCTYL ACETATE-3 NAT.","ESTER","","4864-61-3","","",454668,"172.268","CCCCCC(CC)OC(=O)C","0.9"
"328",522214,132687,"ISOPROPYL METHYLBUTYRATE-2","ESTER","","66576-71-4","","",455530,"144.214","CCC(C)C(=O)OC(C)C","0.9"
"329",579157,105253,"CETONAL","ALDEHYDE","","65405-84-7","","",503408,"208.345","CC1=C(C(CCC1)(C)C)CCC(C)C=O","0.9"
"330",637511,654040,"CINNAMIC ALDEHYDE","ALDEHYDE","","104-55-2","","",553117,"132.162","C1=CC=C(C=C1)C=CC=O","1.0"
"331",637566,903290,"GERANIOL 60 B","ALCOHOL","","106-24-1","","",4303,"154.253","CC(=CCCC(=CCO)C)C","0.9"
"332",637566,103908,"GERANIOL SUPER","ALCOHOL","","106-24-1","","",13849989,"154.253","CC(=CCCC(=CCO)C)C","0.9"
"333",637566,170044,"GERANIOL 60","ALCOHOL","","106-24-1","","",4303,"154.253","CC(=CCCC(=CCO)C)C","0.9"
"334",637758,660448,"ETHYL CINNAMATE","ESTER","","103-36-6","","",553344,"176.215","CCOC(=O)C=CC1=CC=CC=C1","1.1"
"335",637776,608049,"ISOEUGENYL METHYL ETHER","ETHER","","93-16-3","","",553362,"178.231","CC=CC1=CC(=C(C=C1)OC)OC","1.0"
"336",638011,690980,"CITRYLAL","ACETAL","","147060-73-9","90480-35-6","",8511,"152.237","CC(=CCCC(=CC=O)C)C","0.9"
"337",638011,157503,"CITRAL 95","ALDEHYDE","","5392-40-5","","",553578,"152.237","CC(=CCCC(=CC=O)C)C","0.9"
"338",643731,131363,"NONADIENAL TRANS,CIS-2,6","ALDEHYDE","","557-48-2","","",558840,"138.21","CCC=CCCC=CC=O","0.9"
"339",643820,605361,"NEROL 900 FG","ALCOHOL","","106-25-2","","",558917,"154.253","CC(=CCCC(=CCO)C)C","0.9"
"340",643820,103885,"NEROL 900","ALCOHOL","","106-25-2","","",558917,"154.253","CC(=CCCC(=CCO)C)C","0.9"
"341",778574,660181,"ISOBUTYL CINNAMATE","ESTER","","122-67-8","","",680686,"204.269","CC(C)COC(=O)C=CC1=CC=CC=C1","1.0"
"342",853433,104768,"ISOEUGENOL","PHENOL","","97-54-1","","",21106129,"164.204","CC=CC1=CC(=C(C=C1)O)OC","1.1"
"343",929337,130246,"NOPYL ACETATE","ESTER","","128-51-8","","",809956,"208.301","CC(=O)OCCC1=CCC2CC1C2(C)C","1.0"
"344",1381163,611455,"CITRONITRILE","NITRILE","","53243-59-7","53243-60-0","93893-89-1",1154998,"171.243","CC(=CC#N)CCC1=CC=CC=C1","1.0"
"345",1549025,106244,"NERYL ACETATE","ESTER","","141-12-8","","",1266018,"196.29","CC(=CCCC(=CCOC(=O)C)C)C","0.9"
"346",1549026,106215,"GERANYL ACETATE PURE","ESTER","","105-87-3","","",1266019,"196.29","CC(=CCCC(=CCOC(=O)C)C)C","0.9"
"347",1549778,104269,"GERANYL ACETONE SYNTH.","KETONE","","3796-70-1","","",1266569,"194.318","CC(=CCCC(=CCCC(=O)C)C)C","0.9"
"348",1550846,131345,"CINNAMYL NITRILE","NITRILE","","1885-38-7","","",1267328,"129.162","C1=CC=C(C=C1)C=CC#N","1.0"
"349",1550884,130041,"HEXYL CINNAMIC ALDEHYDE ALPHA","ALDEHYDE","","101-86-0","165184-98-5","",1267362,"216.324","CCCCCCC(=CC1=CC=CC=C1)C=O","1.0"
"350",1753956,600035,"TERRANOLÎ","ALCOHOL","S","57566-26-4","88644-30-8","",1386337,"222.372","CC1(CCCC2(C13CCC(C3)C2(C)C)O)C","1.0"
"351",2507689,600321,"NEROLIONE","KETONE","S","23911-56-0","","",1869668,"174.199","CC1=C(OC2=CC=CC=C12)C(=O)C","1.1"
"352",2733977,600300,"PASSIFLORAN","KETONE","","136954-25-1","","",2015739,"218.311","CCCC(CCOC(=O)C)SC(=O)C","1.0"
"353",3017432,103519,"FLOROSA","ALCOHOL","","63500-71-0","","",2285174,"172.268","CC(C)CC1CC(CCO1)(C)O","0.9"
"354",3017432,903971,"FLOROSA BM / PYRANOL","ALCOHOL","","63500-71-0","","",2285174,"172.268","CC(C)CC1CC(CCO1)(C)O","0.9"
"355",3017923,172379,"FRUTONILE","NITRILE","","69300-15-8","","",2285556,"167.296","CCCCCCCCC(C)C#N","0.8"
"356",3018907,105516,"ISOPENTYRATE","ESTER","","80118-06-5","","",2286321,"170.252","CC(C)C(=O)OC(C)CC(=C)C","0.9"
"357",3033030,131081,"AGRUNITRIL","NITRILE","","51566-62-2","","",2297857,"151.253","CC(CCC=C(C)C)CC#N","0.8"
"358",3034278,107085,"OKOUMAL","ETHER","","131812-67-4","","",2298767,"288.431","CC1COC(O1)(C)C2=CC3=C(C=C2)C(CCC3(C)C)(C)C","1.0"
"359",3035467,699713,"ARCOSOLVE DPMA GLYCO ETHER","ether","","88917-22-0","","",2299699,"190.239","CCC(OCCCOC)OC(=O)C","1.0"
"360",5273469,613057,"BENZYL CINNAMATE","ESTER","S","103-41-3","","",4437893,"238.286","C1=CC=C(C=C1)COC(=O)C=CC2=CC=CC=C2","1.1"
"361",5281162,131245,"ETHYL DECADIENOATE TRANS CIS-2,4","ESTER","","3025-30-7","","",4444602,"196.29","CCCCCC=CC=CC(=O)OCC","0.9"
"362",5281168,131080,"HEXENAL TRANS-2","ALDEHYDE","","6728-26-3","","",4444608,"98.145","CCCC=CC=O","0.8"
"363",5281515,690012,"CARYOPHYLLENE NAT. RECT.","HYDROCARBON","","87-44-5","","",4444848,"204.357","CC1=CCCC(=C)C2CC(C2CC1)(C)C","0.9"
"364",5282109,105471,"GERANYL FORMATE","ESTER","","105-86-2","","",4445318,"182.263","CC(=CCCC(=CCOC=O)C)C","0.9"
"365",5282110,611105,"CINNAMYL ACETATE","ESTER","","103-54-8","","",7377,"176.215","CC(=O)OCC=CC1=CC=CC=C1","1.1"
"366",5282184,131471,"ETHYL LINOLEATE","ESTER","","544-35-4","","",4445379,"308.506","CCCCCC=CCC=CCCCCCCCC(=O)OCC","0.9"
"367",5283335,113522,"NONENAL TRANS-2","ALDEHYDE","","18829-56-6","","",4446456,"140.226","CCCCCCC=CC=O","0.8"
"368",5283356,131375,"UNDECENAL TRANS-2","ALDEHYDE","","2463-77-6","53448-07-0","",7894,"168.28","CCCCCCCCC=CC=O","0.8"
"369",5283361,131469,"DODECENAL TRANS-2","ALDEHYDE","","20407-84-5","","",4446482,"182.307","CCCCCCCCCC=CC=O","0.8"
"370",5283363,131224,"TRIDECENAL TRANS-2","ALDEHYDE","","7774-82-5","","",4446484,"196.334","CCCCCCCCCCC=CC=O","0.8"
"371",5284507,130649,"NEROLIDOL","ALCOHOL","","7212-44-4","","",4447568,"222.372","CC(=CCCC(=CCCC(C)(C=C)O)C)C","0.9"
"372",5315892,654060,"CINNAMIC ALCOHOL","ALCOHOL","S","104-54-1","","",21105870,"134.178","C1=CC=C(C=C1)C=CCO","1.0"
"373",5318042,130870,"HEXENOL TRANS-2","ALCOHOL","","928-95-0","","",4476685,"100.161","CCCC=CCO","0.8"
"374",5320250,130969,"OCIMENE","HYDROCARBON","","3338-55-4","","",4478390,"136.238","CC(=CCC=C(C)C=C)C","0.8"
"375",5352626,104686,"JASMIN LACTONE","LACTONE","","25524-95-2","","",4509494,"168.236","CCC=CCC1CCCC(=O)O1","1.0"
"376",5354280,131115,"PROPENYL GUAETHOL","PHENOL","S","94-86-0","","",54943,"178.231","CCOC1=C(C=C(C=C1)C=CC)O","1.1"
"377",5355130,660523,"NEO HELIOPANÎ AV","KETONE","","5466-77-3","","",4511170,"290.403","CCCCC(CC)COC(=O)C=CC1=CC=C(C=C1)OC","1.0"
"378",5355851,103394,"CINNAMYL ISOBUTYRATE","ESTER","","103-59-3","","",4511740,"204.269","CC(C)C(=O)OCC=CC1=CC=CC=C1","1.0"
"379",5355853,131093,"GERANYL PROPIONATE","ESTER","","105-90-8","","",4511742,"210.317","CCC(=O)OCC=C(C)CCC=C(C)C","0.9"
"380",5355856,103599,"GERANYL BUTYRATE","ESTER","","106-29-6","","",4511745,"224.344","CCCC(=O)OCC=C(C)CCC=C(C)C","0.9"
"381",5362588,690986,"FILBERTONE","KETONE","","81925-81-7","","",451771,"126.199","CCC(C)C(=O)C=CC","0.8"
"382",5362720,131394,"NONENAL CIS-6","ALDEHYDE","","2277-19-2","","",4515200,"140.226","CCC=CCCCCC=O","0.8"
"383",5362736,195933,"VELVIONE","KETONE","","37609-25-9","","",4515216,"236.399","C1CCCCCC(=O)CCCC=CCCCC1","0.9"
"384",5362811,131395,"NONENOL CIS-6","ALCOHOL","","35854-86-5","","",4515276,"142.242","CCC=CCCCCCO","0.8"
"385",5362830,131131,"GERANYL ISOVALERATE","ESTER","","109-20-6","","",4515295,"238.371","CC(C)CC(=O)OCC=C(C)CCC=C(C)C","0.9"
"386",5362833,131091,"NONADIENOL-2,6","ALCOHOL","","28069-72-9","","",4515298,"140.226","CCC=CCCC=CCO","0.9"
"387",5365794,690127,"CITRAL DIETHYL ACETAL","ACETAL","","7492-66-2","","",4517739,"226.36","CCOC(C=C(C)CCC=C(C)C)OCC","0.9"
"388",5365849,601133,"GERANYL METHYL ETHER","ETHER","","2565-82-4","","",4517792,"168.28","CC(=CCCC(=CCOC)C)C","0.8"
"389",5365909,131403,"METHYLPENTENOIC ACID-2,2","ACID","","3142-72-1","","",17434,"114.144","CCC=C(C)C(=O)O","1.0"
"390",5365910,131367,"METHYL GERANIATE","ESTER","","1189-09-9","","",4517852,"182.263","CC(=CCCC(=CC(=O)OC)C)C","0.9"
"391",5365976,130190,"ALLYL IONONE","KETONE","","79-78-7","","",4517909,"232.367","CC1=CCCC(C1C=CC(=O)CCC=C)(C)C","0.9"
"392",5366044,103600,"GERANYL PHENYLACETATE","ESTER","","102-22-7","","",4517973,"272.388","CC(=CCCC(=CCOC(=O)CC1=CC=CC=C1)C)C","1.0"
"393",5367412,105562,"GALBANOLENE SUPER","HYDROCARBON","","16356-11-9","","",55707,"150.265","CCCCCC=CC=CC=C","0.8"
"394",5367785,103203,"GERANYL TIGLATE","ESTER","","7785-33-3","","",4519264,"236.355","CC=C(C)C(=O)OCC=C(C)CCC=C(C)C","0.9"
"395",5369459,660361,"PHENYLETHYL CINNAMATE CRYST.","ESTER","S","103-53-7","","",7376,"252.313","C1=CC=C(C=C1)CCOC(=O)C=CC2=CC=CC=C2","1.1"
"396",5369489,600474,"CINAROL","ALCOHOL","","1504-55-8","","",4575656,"148.205","CC(C=CC1=CC=CC=C1)O","1.0"
"397",5369997,690997,"BORONAL","ALDEHYDE","","3155-71-3","","",4520916,"206.329","CC1=C(C(CCC1)(C)C)CC=C(C)C=O","0.9"
"398",5371084,131332,"ISORALDEINE 70","KETONE","","1335-46-2","","",4521710,"206.329","CCC(=O)C=CC1C(=CCCC1(C)C)C","0.9"
"399",5371084,103675,"METHYL IONONE BETA COEUR (66559)","KETONE","","1335-46-2","","",4521710,"206.329","CCC(=O)C=CC1C(=CCCC1(C)C)C","0.9"
"400",5372174,104250,"METHYL IONONE GAMMA COEUR","KETONE","","127-51-5","","",4522510,"206.329","CC1=CCCC(C1C=C(C)C(=O)C)(C)C","0.9"
"401",5372174,103928,"ISORALDEINE 95","KETONE","","127-51-5","","",4522510,"206.329","CC1=CCCC(C1C=C(C)C(=O)C)(C)C","0.9"
"402",5372174,103631,"CETONE ALPHA","KETONE","","127-51-5","","",4522510,"206.329","CC1=CCCC(C1C=C(C)C(=O)C)(C)C","0.9"
"403",5463791,600064,"ROSAPHENÎ","ALCOHOL","","25634-93-9","","",4576354,"178.275","CC(CCCC1=CC=CC=C1)CO","1.0"
"404",5463804,103593,"CITROWANILÎ B","NITRILE","","97384-48-0","","",4576366,"171.243","CC(CC1=CC=CC=C1)(C=C)C#N","1.0"
"405",5463934,131520,"METHYL PHENYLHEXENAL TRANS-5,2,2","ALDEHYDE","","21834-92-4","","",4576448,"188.27","CC(C)CC=C(C=O)C1=CC=CC=C1","1.0"
"406",5752319,195795,"TANGERINOL","ESTER","","3239-35-8","","",4680697,"238.371","CC(CCC=C(C)CCC=C(C)C)OC(=O)C","0.9"
"407",6086514,131112,"GERANYL ISOBUTYRATE","ESTER","","2345-26-8","","",4803060,"224.344","CC(C)C(=O)OCC=C(C)CCC=C(C)C","0.9"
"408",6112709,131070,"OCIMENYL ACETATE","ESTER","","72214-23-4","","",4813514,"196.29","CC(=CCCC(C)(C)OC(=O)C)C=C","0.9"
"409",6180775,131157,"STEMONE","OXIME","","22457-23-4","","",4905502,"143.23","CCC(C)CC(=NO)CC","0.9"
"410",6321405,103263,"ISOBORNEOL","ALCOHOL","","124-76-5","","",4882019,"154.253","CC1(C2CCC1(C(C2)O)C)C","1.0"
"411",6365152,600317,"GLOBANONEÎ","KETONE","S","3100-36-5","","",4895976,"236.399","C1CCCC=CCCCCCCC(=O)CCC1","0.9"
"412",6365389,101800,"EXALTENONE 942008","KETONE","S","14595-54-1","35720-57-1","",4896164,"222.372","C1CCCCCC(=O)CCC=CCCCC1","0.9"
"413",6386037,104083,"CITRONELLYL TIGLATE","ESTER","","24717-85-9","","",81794,"238.371","CC=C(C)C(=O)OCCC(C)CCC=C(C)C","0.9"
"414",6422476,600745,"TOSCANOL","ETHER","","16510-27-3","","",4927987,"162.232","COC1=CC=C(C=C1)CC2CC2","1.0"
"415",6430759,657948,"DODECADIENAL 2,6","ALDEHYDE","","21662-13-5","","",4936098,"180.291","CCCCCC=CCCC=CC=O","0.9"
"416",6432469,620107,"ISOMENTHONE","KETONE","S","36977-92-1","","",4937714,"154.253","CC1CCC(C(=O)C1)C(C)C","0.9"
"417",6432847,601343,"DIHYDRO MYRCENYL ACETATE","ESTER","","53767-93-4","","",4938062,"198.306","CCC(=C)CCCC(C)(C)OC(=O)C","0.9"
"418",6435841,103161,"ISOJASMONE","KETONE","","11050-62-7","","",4940533,"164.248","CCC=CCC1=C(C(=O)CC1)C","0.9"
"419",6437291,611421,"PYROPRUNAT","ESTER","","68039-73-6","","",4941861,"222.328","CC=CC(=O)OC1CCCC1C2CCCC2","1.0"
"420",6438195,105188,"SANDAL MYSORE CORE","ALCOHOL","","28219-60-5","","",4942686,"194.318","CC1=CCC(C1(C)C)CC=C(C)CO","0.9"
"421",6438196,600001,"SANDRANOLÎ","ALCOHOL","","28219-61-6","","",4942687,"208.345","CCC(=CCC1CC=C(C1(C)C)C)CO","0.9"
"422",6438196,172313,"SANJINOL","ALCOHOL","","28219-61-6","","",4942687,"208.345","CCC(=CCC1CC=C(C1(C)C)C)CO","0.9"
"423",6438319,104235,"JASMOLACTONE CNC","LACTONE","","32764-98-0","","",4942802,"168.236","CC=CCCC1CCCC(=O)O1","1.0"
"424",6440993,611400,"FRUTINAT","ESTER","","35206-51-0","","",4945224,"170.252","CC=CC(=O)OC(C)CC(C)C","0.9"
"425",6504821,131382,"TRIMOFIX O","KETONE","","144020-22-4","","",5005005,"246.394","CC1=CCCC(=CCC=C(C(CC1)C(=O)C)C)C","0.9"
"426",6504821,964390,"TRIMOFIX O BM","KETONE","","144020-22-4","","",5005005,"246.394","CC1=CCCC(=CCC=C(C(CC1)C(=O)C)C)C","0.9"
"427",6537988,103849,"TETRAHYDRO MUGUOL","ALCOHOL","","18479-54-4","","",5020894,"154.253","CCC(C)(C=CC=C(C)C)O","0.9"
"428",6538156,656079,"PROFARNESAL","ALDEHYDE","","54082-68-7","","",82271,"208.345","CC(CCC=C(C)CCC=C(C)C)C=O","0.9"
"429",6538423,197011,"CEDROXID","ETHER","","71735-79-0","","",5021071,"220.356","CC1=CCCC2(C(O2)CCC(=CCC1)C)C","0.9"
"430",6538431,104663,"MYROXYDE","ETHER","","69103-20-4","","",5021076,"152.237","CC(=CCC1C(O1)(C)C)C=C","0.9"
"431",6950273,130453,"ISOBORNYL ACETATE","ESTER","","125-12-2","","",5323219,"196.29","CC(=O)OC1CC2CCC1(C2(C)C)C","NA"
"432",6997371,131317,"FENCHOL","ALCOHOL","S","1632-73-1","","",14665,"154.253","CC1(C2CCC(C2)(C1O)C)C","1.0"
"433",9793908,600291,"FURAMINTON/TONKALACTONE","LACTONE","","65817-24-5","","",7969675,"162.188","CC1C2=C(C=C(C=C2)C)OC1=O","1.1"
"434",9815427,600285,"CLARITONEÎ","KETONE","","74338-72-0","","",7991177,"182.307","CC(C)C(=O)C(C)(C)CC=C(C)C","0.8"
"435",9815980,107288,"HYDROXYAMBRAN","ALCOHOL","","118562-73-5","","",7991730,"226.404","CC(CO)C1CCCCCCCCCCC1","0.9"
"436",9856149,106114,"GLOBALIDEÎ","LACTONE","","111879-80-2","34902-57-3","",8031849,"238.371","C1CCCCC=CCCCOC(=O)CCCC1","0.9"
"437",9964606,600165,"FRESCOLATÎ MGA","ACETAL","","63187-91-7","","",8140199,"228.332","CC1CCC(C2(C1)OCC(O2)CO)C(C)C","1.0"
"438",10149036,621361,"SAFRALEINE","KETONE","","54440-17-4","","",8324544,"174.243","CC1C(=O)C2=CC=CC=C2C1(C)C","1.0"
"439",10857465,103959,"AMBROXIDE","ETHER","S","6790-58-5","","",9032756,"236.399","CC1(CCCC2(C1CCC3(C2CCO3)C)C)C","0.9"
"440",10857465,105655,"CETALOX","ETHER","S","3738-00-9","","",9032756,"236.399","CC1(CCCC2(C1CCC3(C2CCO3)C)C)C","0.9"
"441",10877336,100072,"SULTANENEÎ","ESTER","","15848-49-4","","",9052605,"154.209","CCOC(=O)CC1CCC=C1","1.0"
"442",11095260,100060,"ROMASCONE","ESTER","","81752-87-6","","",9270402,"182.263","CC1(CCCC(=C)C1C(=O)OC)C","1.0"
"443",11851224,140022,"AMBRETTOLIDE","LACTONE","","28645-51-4","","",10025696,"252.398","C1CCCC=CCCCCCCOC(=O)CCC1","0.9"
"444",12161641,130706,"TOLYL ACETALDEHYDE PARA 50% DPG","ALDEHYDE","","","","",21169769,"45.045","CC=O","0.7"
"445",12305858,198047,"AMBREIN","ALCOHOL","","8016-26-0","89997-74-0","",10275828,"428.745","CC(=CCCC1C2(CCCC(C2CCC1(C)O)(C)C)C)CCC3C(=C)CCCC3(C)C","0.9"
"446",14135862,130463,"ALDEHYDE C11 ISO","ALDEHYDE","","1337-83-3","","",16215641,"170.296","CC(C)CCCCCCCC=O","0.8"
"447",15020070,103080,"CIVETONE","KETONE","S","542-46-1","","",4475121,"250.426","C1CCCCC(=O)CCCCCCC=CCCC1","0.9"
"448",15031854,100210,"PARMANYLÎ","NITRILE","","142653-61-0","","",23349752,"153.225","CCC=CCCOCCC#N","0.9"
"449",15405344,684804,"SPIROGALBANONE PURE","KETONE","","224031-70-3","224031-71-4","",13694751,"218.34","C=CCCC(=O)C1=CCCC2(C1)CCCC2","1.0"
"450",15910561,600127,"BELANISÎ","KETONE","","1447712-18-6","","",45891873,"152.237","CCCC1CC=C(C(=O)C1)C","0.9"
"451",15984303,106142,"POLYSANTOL","ALCOHOL","","107898-54-4","","",23349145,"222.372","CC1=CCC(C1(C)C)C=CC(C)(C)C(C)O","0.9"
"452",15984303,904691,"POLYSANTOL (MYSANTOL)","ALCOHOL","","107898-54-4","","",23349145,"222.372","CC1=CCC(C1(C)C)C=CC(C)(C)C(C)O","0.9"
"453",16063567,600543,"HELVETOLIDE","ESTER","","141773-73-1","","",11227548,"284.44","CCC(=O)OCC(C)(C)OC(C)C1CCCC(C1)(C)C","0.9"
"454",16204527,690451,"NEOCYCLO CITRAL","ALDEHYDE","","1335-66-6","","",21171842,"304.474","CC1CC(=CC(C1C=O)C)C.CC1C=C(CC(C1C)C=O)C","0.9"
"455",16205938,106105,"BIGARADE OXIDE","ETHER","","72429-08-4","","",17334119,"194.318","CC1=C(CC2COC(CC2C1)(C)C)C","0.9"
"456",18356807,148469,"SYMROSEÎ","ALCOHOL","","830322-14-0","","",13536001,"170.296","CC(C)CCC1CCC(CC1)O","0.9"
"457",18406259,103449,"AZARBRE","KETONE","","68845-36-3","","",99939,"180.291","CCC1(CCC(=O)C(=C1C)C)CC","0.9"
"458",18645216,103229,"TABANON","KETONE","","13215-88-8","163440-97-9","",18661975,"190.286","CC=CC=C1C(=CC(=O)CC1(C)C)C","1.0"
"459",18645216,659672,"TABANON COEUR","KETONE","","13215-88-8","163440-97-9","",18661975,"190.286","CC=CC=C1C(=CC(=O)CC1(C)C)C","1.0"
"460",18955245,129858,"BORNAFIX","ALCOHOL","","128119-70-0","","",14285665,"226.36","CC(CO)COC1CC2CCC1(C2(C)C)C","1.0"
"461",21116680,659667,"ISOLONGIFOLANON COEUR","KETONE","","23787-90-8","29461-14-1","",19973105,"220.356","CC1(CCC(=O)C2C13CCC(C3)C2(C)C)C","1.0"
"462",21933618,907625,"ROMANDOLIDE","ESTER","","236391-76-7","","",10688094,"270.369","CCC(=O)OCC(=O)OC(C)C1CCCC(C1)(C)C","1.0"
"463",22096564,127988,"JAVANOL","ALCOHOL","","198404-98-7","","",13658169,"222.372","CC1(C(CC2C1(C2)C)CC3CC3(C)CO)C","1.0"
"464",23617864,131237,"ISOBORNYL PROPIONATE","ESTER","","2756-56-1","","",80593,"210.317","CCC(=O)OC1CC2CCC1(C2(C)C)C","1.0"
"465",25234180,103247,"HERBAFLORAT","ESTER","","5413-60-5","","",99320,"468.766","C1CCCCC(=CCCC1)C(C2=CCCCCCCCC2)C(=O)OC3=CCCCCCCCC3","1.1"
"466",46781028,659577,"CINEOL 1,4","ETHER","","","","",23976355,"157.271","CC1(C2CCC(O1)(CC2)C)C","0.9"
"467",53750858,600098,"AURELIONEÎ","KETONE","","88642-03-9","3100-36-5","2550-59-6",28692301,"236.399","C1CCCCCCC=CC(=O)CCCCCC1","0.9"
"468",53836233,105863,"AMBER CORE","ALCOHOL","","139504-68-0","","",144152,"228.376","CC(C)(C)C1CCCCC1OCCCCO","0.9"
"469",54116156,195930,"MUSCENONE","KETONE","","63314-79-4","","",57523122,"236.399","CC1CC=CCCCCCCCCCC(=O)C1","0.9"
"470",54146524,130185,"CEDRYL ACETATE CRYST.","ESTER","S","77-54-3","","",209770,"264.409","CC1CCC23CC1C(C2CCC3(C)OC(=O)C)(C)C","1.0"
"471",54146524,131278,"CEDRYL ACETATE","ESTER","","77-54-3","","",209770,"264.409","CC1CCC23CC1C(C2CCC3(C)OC(=O)C)(C)C","1.0"
"472",55220049,103237,"PINOACET ALDEHYDE","ALDEHYDE","","33885-51-7","","",29366461,"178.275","CC1(C2CC=C(C1C2)CCC=O)C","1.0"
"473",55250360,658620,"CISTULATE 09126","ESTER","","52557-97-8","","",32814825,"182.263","CC1(C2CCC(C2)C1C(=O)OC)C","1.0"
"474",55250380,104316,"SCENTENAL","ALDEHYDE","","86803-90-9","","",143443,"194.274","COC1CCC2C1C3CC(C2C3)C=O","1.1"
"475",55250799,659616,"POIVROL","ESTER","","68966-86-9","","",32815755,"183.251","CC1=C(C(=NO)C(CC1)C(C)C)O","1.1"
"476",57468287,131275,"ISODAMASCONÎ","KETONE","","39872-57-6","","",52563506,"192.302","CC=CC(=O)C1=C(CC(CC1)(C)C)C","0.9"
"477",57483300,107396,"SAGECETE","ESTER","","131766-73-9","","",23349556,"200.278","CCCC1CC(CCO1)(C)OC(=O)C","1.0"
"478",66795588,195923,"HERBANATE","ESTER","","116126-82-0","","",23349264,"208.301","CC(C)CCC1C2CC(C1C(=O)O)C=C2","1.0"
"479",67957374,184367,"ISOBORNYL CYCLOHEXANOL","ALCOHOL","","3407-42-9","","",23498811,"236.399","CC1C2CC(C1(C)C)CC2C3CCCC(C3)O","1.0"
"480",71361377,109818,"SYMROXANE","ACETAL","","393517-28-7","393517-29-8","676125-00-1",23351035,"234.383","CC1(CC(C=C2C13CCC(C3)C2(C)C)OC)C","1.0"
"481",73556746,197006,"MYRALDYL ACETATE","ESTER","","72403-67-9","","",57261593,"236.355","CC(=CCCC1=CCCC(C1)COC(=O)C)C","0.9"
"482",83829590,106597,"FLORHYDRAL","ALDEHYDE","","125109-85-5","","",77763,"190.286","CC(C)C(CCC1=CC=CC=C1)C=O","0.9"
"483",90472417,198072,"DUPICAL","ALDEHYDE","","30168-23-1","","",4942777,"204.313","C1CC2C(C1)C3CC2CC3=CCCC=O","1.1"
"484",90473619,611499,"CARYOPHYLLENE ACETATE","ESTER","","57082-24-3","","",55961,"264.409","CC(=O)OC12CCCC(C1)(CCC3C2CC3(C)C)C","1.0"
"485",90474664,103303,"CYCLABUTE","ESTER","","67634-20-2","68039-39-4","",96077,"220.312","CC(C)C(=O)OC1CC2CC1C3C2CC=C3","1.1"
"486",90474858,199085,"GRISALVA","ETHER","","68611-23-4","90411-73-7","",52563591,"250.426","CCC12CCC3C(CCCC3(C1COC2)C)(C)C","0.9"
"487",92281379,131421,"ETHYL RICINOLEATE","ESTER","","55066-53-0","","",29355624,"326.521","CCCCCCC(CC=CCCCCCCCC(=O)OCC)O","0.9"
"488",102601728,131337,"HERBYL PROPIONATE","ESTER","","17511-60-3","68912-13-0","",96079,"206.285","CCC(=O)OC1CC2CC1C3C2CC=C3","1.1"
"489",102602475,195832,"BOISIRIS","ETHER","","68845-00-1","","",99931,"222.372","CCOC1(CCC2C(=C)C1CCC2(C)C)C","0.9"
"490",102602476,199083,"GLYCOLIERRAL","ACETAL","","68901-32-6","","",99972,"238.371","CC1CC2CC(C1CC2C(C)C)C3OCCO3","1.0"
"491",118856007,105703,"EBANOL","ALCOHOL","","67801-20-1","","",21162396,"208.345","CC1=CCC(C1(C)C)CCC(=C(C)O)C","0.9"
"2910",NA,903865,"AMBROSTAR","ACETAL","","1357064-95-9","","",NA,"","",""
"2021",NA,639794,"FRUCTATE","ESTER","","155514-23-1","","",NA,"","",""
"2421",NA,103500,"HERCOLYN D-E","ESTER","","8050-15-5","","",NA,"","",""
"4861",NA,100360,"FLORAZON","ALDEHYDE","","","","",NA,"","",""
